aphiaidaccepted;scientificnameaccepted;phy_or_not;phylum;scientificnameauthorship
105506;Calliacantha;?;Choanozoa;B.S.C.Leadbeater, 1978
105559;Calliacantha longicaudata;?;Choanozoa;(Leadbeater) Leadbeater, 1978
105561;Calliacantha natans;?;Choanozoa;(Grøntved) Leadbeater, 1978
105532;Desmarella;?;Choanozoa;W.S.Kent, 1878
105513;Diaphanoeca;?;Choanozoa;W.Ellis, 1930
105571;Diaphanoeca grandis;?;Choanozoa;Ellis, 1930
105574;Diaphanoeca sphaerica;?;Choanozoa;Thomsen, 1982
105535;Monosiga;?;Choanozoa;W.S.Kent, 1878
105643;Monosiga marina;?;Choanozoa;Grøntved, 1952
105587;Parvicorbicula quadricostata;?;Choanozoa;Throndsen, 1970
105588;Parvicorbicula socialis;?;Choanozoa;(Meunier) Deflandre, 1960
105536;Proterospongia;?;Choanozoa;Kent, 1882
105541;Salpingoeca;?;Choanozoa;H.J.Clark, 1866
292899;Balanion;?;Ciliophora;Wulff, 1919
204197;Codonellopsis;?;Ciliophora;Jörgensen, 1924
179326;Euplotes;?;Ciliophora;O.F. Müller, 1786
183543;Eutintinnus;?;Ciliophora;Kofoid & Campbell, 1939
417214;Eutintinnus pectinis;?;Ciliophora;(Kofoid & Campbell, 1929)
625430;Leprotintinnus pellucidus;?;Ciliophora;(Cleve, 1899)
196836;Parafavella;?;Ciliophora;Kofoid & Campbell, 1929
427603;Parafavella elegans;?;Ciliophora;(Ostenfeld, 1899)
196837;Parafavella gigantea;?;Ciliophora;(Brandt), Kofoid & Campbell, 1929
427609;Parafavella obtusangula;?;Ciliophora;(Ostenfeld, 1899)
345911;Parundella;?;Ciliophora;Jörgensen, 1924
341692;Pelagostrobilidium spirale;?;Ciliophora;(Leegaard, 1915) Petz, Song & Wilbert, 1995
172321;Peritromus;?;Ciliophora;Stein, 1863
292925;Rhabdoaskenasia;?;Ciliophora;Krainer & Foissner, 1990
183566;Salpingella;?;Ciliophora;Jörgensen, 1924
417228;Salpingella acuminata;?;Ciliophora;(Claparède & Lachmann, 1858) Jörgensen, 1924
425635;Salpingelloides;?;Ciliophora;Campbell, 1942
732868;Schmidingerella serrata;?;Ciliophora;(Möbius, 1887) Agatha & Strüder-Kypke, 2012
178825;Stenosemella;?;Ciliophora;Jörgensen
248178;Holococcolithophora;?;Haptophyta;L.Cros & J.R.Young, 2005
114298;Ammoglobigerina globigeriniformis;FORAMS;Foraminifera;(Parker & Jones, 1865)
112291;Ammolagena;FORAMS;Foraminifera;Eimer & Fickert, 1899
113827;Ammolagena clavata;FORAMS;Foraminifera;(Jones & Parker, 1860)
112078;Ammonia;FORAMS;Foraminifera;Brünnich, 1771
112322;Ammoscalaria;FORAMS;Foraminifera;Höglund, 1947
113920;Ammoscalaria tenuimargo;FORAMS;Foraminifera;(Brady, 1882)
113780;Amphicoryna scalaris;FORAMS;Foraminifera;(Batsch, 1791)
112081;Anomalina;FORAMS;Foraminifera;d'Orbigny, 1826
112299;Astrorhiza;FORAMS;Foraminifera;Sandahl, 1858
113840;Astrorhiza arenaria;FORAMS;Foraminifera;Carpenter in Norman, 1877
113843;Astrorhiza limicola;FORAMS;Foraminifera;Sandahl, 1858
1026240;Beella megastoma;FORAMS;Foraminifera;(Earland, 1934)
112301;Bigenerina;FORAMS;Foraminifera;d'Orbigny, 1826
1046354;Bigenerina (Bigenerina) nodosaria;FORAMS;Foraminifera;d'Orbigny, 1826
112014;Biloculinella;FORAMS;Foraminifera;Wiesner, 1931
112990;Bolivina subaenariensis;FORAMS;Foraminifera;Cushman, 1922
113030;Bulimina aculeata;FORAMS;Foraminifera;d'Orbigny, 1826
113042;Bulimina marginata;FORAMS;Foraminifera;d'Orbigny, 1826
113047;Bulimina striata;FORAMS;Foraminifera;d'Orbigny in Guérin-Méneville, 1832
466352;Bulimina truncana;FORAMS;Foraminifera;Gümbel, 1870
112098;Cancris;FORAMS;Foraminifera;Montfort, 1808
582554;Cancris auricula;FORAMS;Foraminifera;(Fichtel & Moll, 1798)
113075;Cassidulina crassa;FORAMS;Foraminifera;d'Orbigny, 1839
113077;Cassidulina laevigata;FORAMS;Foraminifera;d'Orbigny, 1826
113085;Cassidulina teretis;FORAMS;Foraminifera;Tappan, 1951
113553;Chilostomella oolina;FORAMS;Foraminifera;Schwager, 1878
183063;Cibicidoides bradyi;FORAMS;Foraminifera;(Trauth, 1918)
112883;Cibicidoides kullenbergi;FORAMS;Foraminifera;(Parker, 1953)
112884;Cibicidoides pachyderma;FORAMS;Foraminifera;(Rzehak, 1886)
112890;Cibicidoides wuellerstorfi;FORAMS;Foraminifera;(Schwager, 1866)
112006;Cornuspira;FORAMS;Foraminifera;Schultze, 1854
254680;Cribroelphidium excavatum;FORAMS;Foraminifera;(Terquem, 1875)
112348;Cyclammina;FORAMS;Foraminifera;Brady, 1879
112217;Dentalina;FORAMS;Foraminifera;Risso, 1826
466420;Eilohedra vitrea;FORAMS;Foraminifera;(Parker, 1953)
112162;Elphidium;FORAMS;Foraminifera;Montfort, 1808
113257;Elphidium articulatum;FORAMS;Foraminifera;(d'Orbigny, 1839)
113334;Epistominella exigua;FORAMS;Foraminifera;(Brady, 1884)
113193;Favulina hexagona;FORAMS;Foraminifera;(Williamson, 1848)
112154;Fissurina;FORAMS;Foraminifera;Reuss, 1850
112111;Fursenkoina;FORAMS;Foraminifera;Loeblich & Tappan, 1961
113159;Gavelinopsis praegeri;FORAMS;Foraminifera;(Heron-Allen & Earland, 1913)
112197;Globigerina;FORAMS;Foraminifera;d'Orbigny, 1826
113434;Globigerina bulloides;FORAMS;Foraminifera;d'Orbigny, 1826
113440;Globigerinella siphonifera;FORAMS;Foraminifera;(d'Orbigny, 1839)
113060;Globobulimina affinis;FORAMS;Foraminifera;(d'Orbigny, 1839)
397221;Globocassidulina crassa;FORAMS;Foraminifera;(d'Orbigny, 1839)
113091;Globocassidulina subglobosa;FORAMS;Foraminifera;(Brady, 1881)
1026410;Globoconella inflata;FORAMS;Foraminifera;(d'Orbigny, 1839)
113448;Globorotalia hirsuta;FORAMS;Foraminifera;(d'Orbigny, 1839)
113452;Globorotalia scitula;FORAMS;Foraminifera;(Brady, 1882)
113453;Globorotalia truncatulinoides;FORAMS;Foraminifera;(d'Orbigny, 1839)
112292;Glomospira;FORAMS;Foraminifera;Rzehak, 1885
888243;Grigelis guttiferus;FORAMS;Foraminifera;(d'Orbigny, 1846)
112086;Gyroidina;FORAMS;Foraminifera;d'Orbigny, 1826
951876;Gyroidina orbicularis;FORAMS;Foraminifera;d'Orbigny in Parker, Jones & Brady, 1865
112901;Gyroidina soldanii;FORAMS;Foraminifera;d'Orbigny, 1826
112902;Gyroidina umbonata;FORAMS;Foraminifera;(Silvestri, 1898)
113185;Hanzawaia boueana;FORAMS;Foraminifera;(d'Orbigny, 1846)
112330;Haplophragmoides;FORAMS;Foraminifera;Cushman, 1910
113294;Haynesina germanica;FORAMS;Foraminifera;(Ehrenberg, 1840)
113341;Hoeglundina elegans;FORAMS;Foraminifera;(d'Orbigny, 1826)
417566;Hormosina pilulifera;FORAMS;Foraminifera;(Brady, 1884)
112337;Hormosinella;FORAMS;Foraminifera;Shchedrina, 1969
113636;Hyalinea balthica;FORAMS;Foraminifera;(Schröter in Gmelin, 1791)
113941;Karreriella bradyi;FORAMS;Foraminifera;(Cushman, 1911)
112215;Lagena;FORAMS;Foraminifera;Walker & Jacob, 1798
112364;Lagenammina;FORAMS;Foraminifera;Rhumbler, 1911
113788;Lenticulina gibba;FORAMS;Foraminifera;(d'Orbigny, 1839)
113118;Lobatula lobatula;FORAMS;Foraminifera;(Walker & Jacob, 1798)
113885;Marsipella elongata;FORAMS;Foraminifera;Norman, 1878
113563;Melonis barleeanus;FORAMS;Foraminifera;(Williamson, 1858)
113564;Melonis pompilioides;FORAMS;Foraminifera;(Fichtel & Moll, 1798)
113567;Melonis zaandami;FORAMS;Foraminifera;(van Voorthuysen, 1952)
114064;Miliammina fusca;FORAMS;Foraminifera;(Brady, 1870)
113458;Neogloboquadrina pachyderma;FORAMS;Foraminifera;(Ehrenberg, 1861)
930107;Neogloboquadrina pachyderma subsp. dextralis;FORAMS;Foraminifera;Setty, 1977
112286;Neolenticulina;FORAMS;Foraminifera;McCulloch, 1977
466174;Neolenticulina variabilis;FORAMS;Foraminifera;(Reuss, 1850)
466362;Neouvigerina proboscidea;FORAMS;Foraminifera;(Schwager, 1866)
113988;Nodulina dentaliniformis;FORAMS;Foraminifera;(Brady, 1881)
466471;Nonionoides turgidus;FORAMS;Foraminifera;(Williamson, 1858)
112089;Nuttallides;FORAMS;Foraminifera;Finlay, 1939
735493;Nuttallides truempyi;FORAMS;Foraminifera;(Nuttall, 1930)
112156;Oolina;FORAMS;Foraminifera;d'Orbigny, 1839
113460;Orbulina universa;FORAMS;Foraminifera;d'Orbigny, 1839
254690;Oridorsalis umbonatus;FORAMS;Foraminifera;(Reuss, 1851)
112311;Pelosina;FORAMS;Foraminifera;Brady, 1879
113888;Pelosina arborescens;FORAMS;Foraminifera;Pearcey, 1914
112244;Planorbulina;FORAMS;Foraminifera;d'Orbigny, 1826
112091;Planulina;FORAMS;Foraminifera;d'Orbigny, 1826
112254;Polymorphina;FORAMS;Foraminifera;d'Orbigny, 1826
113896;Psammatodendron arborescens;FORAMS;Foraminifera;Norman in Brady, 1881
113110;Pullenia bulloides;FORAMS;Foraminifera;(d'Orbigny, 1846)
113112;Pullenia quinqueloba;FORAMS;Foraminifera;(Reuss, 1851)
112037;Pyrgo;FORAMS;Foraminifera;Defrance, 1824
112593;Pyrgo murrhina;FORAMS;Foraminifera;(Schwager, 1866)
112594;Pyrgo oblonga;FORAMS;Foraminifera;(d'Orbigny, 1839)
112040;Quinqueloculina;FORAMS;Foraminifera;d'Orbigny, 1826
114324;Recurvoidella bradyi;FORAMS;Foraminifera;(Robertson, 1891)
112341;Reophax;FORAMS;Foraminifera;Montfort, 1808
114016;Reophax scorpiurus;FORAMS;Foraminifera;Montfort, 1808
112315;Rhabdammina;FORAMS;Foraminifera;Sars in Carpenter, 1869
113898;Rhabdammina abyssorum;FORAMS;Foraminifera;Sars in Carpenter, 1869
113906;Rhizammina algaeformis;FORAMS;Foraminifera;Brady, 1879
112259;Robertina;FORAMS;Foraminifera;d'Orbigny, 1846
907207;Rotamorphina involuta;FORAMS;Foraminifera;Parker, 1958
112373;Saccammina;FORAMS;Foraminifera;Sars in Carpenter, 1869
113974;Saccorhiza ramosa;FORAMS;Foraminifera;(Brady, 1879)
114021;Scherochorella moniliformis;FORAMS;Foraminifera;(Siddall, 1886)
112704;Sigmoilopsis schlumbergeri;FORAMS;Foraminifera;(Silvestri, 1904)
112392;Siphotextularia;FORAMS;Foraminifera;Finlay, 1939
992022;Sphaeroidina bulloides;FORAMS;Foraminifera;d'Orbigny in Deshayes, 1828
112046;Spiroloculina;FORAMS;Foraminifera;d'Orbigny, 1826
113070;Stainforthia fusiformis;FORAMS;Foraminifera;(Williamson, 1858)
113908;Testulosiphon indivisus;FORAMS;Foraminifera;(Brady, 1884)
112394;Textularia;FORAMS;Foraminifera;Defrance, 1824
114264;Textularia agglutinans;FORAMS;Foraminifera;d'Orbigny, 1839
114285;Textularia sagittula;FORAMS;Foraminifera;Defrance, 1824
113757;Trifarina bradyi;FORAMS;Foraminifera;Cushman, 1923
112047;Triloculina;FORAMS;Foraminifera;d'Orbigny, 1826
146261;Tritaxis britannica;FORAMS;Foraminifera;Brönnimann & Whittaker, 1990
112412;Trochammina;FORAMS;Foraminifera;Parker & Jones, 1859
416108;Trochamminoides;FORAMS;Foraminifera;Cushman, 1910
113462;Turborotalita quinqueloba;FORAMS;Foraminifera;(Natland, 1938)
113772;Uvigerina mediterranea;FORAMS;Foraminifera;Hofker, 1932
113773;Uvigerina peregrina;FORAMS;Foraminifera;Cushman, 1923
112100;Valvulineria;FORAMS;Foraminifera;Cushman, 1926
103987;Bicosoeca;phy;Bigyra;H.J.Clark, 1868
551182;Poteriodendron petiolatum var. abbottii;phy;Bigyra;(A.Stokes) Playfair, 1921
118011;Cryothecomonas;phy;Cercozoa;Thomsen, Buck, Bolt & Garrison, 1991
118045;Cryothecomonas aestivalis;phy;Cercozoa;Drebes, Kühn & Schnepf, 1996
118047;Cryothecomonas scybalophora;phy;Cercozoa;Thomsen, Buck, Bolt & Garrison, 1991
428550;Massisteria;phy;Cercozoa;Larsen & Patterson, 1990
118019;Metromonas;phy;Cercozoa;(Griessmann, 1913) Larsen & Patterson, 1990
136779;Paulinella;phy;Cercozoa;Lauterborn, 1895
136903;Paulinella ovalis;phy;Cercozoa;(A.Wulff) P.W.Johnson, P.E.Hargraves & J.M.Sieburth, 1988
742629;Protaspa;phy;Cercozoa;Cavalier-Smith, 2011
881411;Protaspa grandis;phy;Cercozoa;(Hoppenrath & Leander, 2006)
160542;Actinastrum;phy;Chlorophyta;Lagerheim, 1882
163489;Ankistrodesmus;phy;Chlorophyta;Corda, 1838
575737;Binuclearia lauterbornii;phy;Chlorophyta;(Schmidle) Proschkina-Lavrenko, 1966
248103;Botryococcus;phy;Chlorophyta;Kützing, 1849
345436;Brachiomonas;phy;Chlorophyta;Bohlin, 1897
367250;Carteria;phy;Chlorophyta;Diesing, 1866
178583;Chlamydomonas;phy;Chlorophyta;Ehrenberg, 1833
160550;Coelastrum;phy;Chlorophyta;Nägeli, 1849
178617;Crucigenia;phy;Chlorophyta;Morren, 1830
134545;Cymbomonas tetramitiformis;phy;Chlorophyta;Schiller, 1913
249711;Desmodesmus;phy;Chlorophyta;(R.Chodat) S.S.An, T.Friedl & E.Hegewald, 1999
178623;Dictyosphaerium;phy;Chlorophyta;Nägeli, 1849
134530;Dolichomastix;phy;Chlorophyta;Manton, 1977
577860;Gloeotila;phy;Chlorophyta;Kützing, 1843
134528;Halosphaera;phy;Chlorophyta;K.J.F.Schmitz, 1878
376694;Halosphaera minor;phy;Chlorophyta;Ostenfeld
163108;Kirchneriella;phy;Chlorophyta;Schmidle, 1893
160588;Koliella;phy;Chlorophyta;Hindák, 1963
178609;Lagerheimia;phy;Chlorophyta;R.Chodat, 1895
134532;Mantoniella;phy;Chlorophyta;T.V.Desikachary, 1972
134563;Mantoniella squamata;phy;Chlorophyta;(Manton & Parke) Desikachary, 1972
163478;Micractinium;phy;Chlorophyta;Fresenius, 1858
134533;Micromonas;phy;Chlorophyta;I.Manton & M.Parke, 1960
134564;Micromonas pusilla;phy;Chlorophyta;(Butcher) I.Manton & M.Parke, 1960
160590;Monoraphidium;phy;Chlorophyta;Komárková-Legnerová, 1969
134524;Nephroselmis;phy;Chlorophyta;F.Stein, 1878
134540;Nephroselmis minuta;phy;Chlorophyta;(N.Carter) Butcher, 1959
134541;Nephroselmis pyriformis;phy;Chlorophyta;(N.Carter) Ettl, 1982
577723;Oedogonium;phy;Chlorophyta;Link ex Hirn, 1900
178611;Oocystis;phy;Chlorophyta;Nägeli ex A.Braun, 1855
248145;Oocystis submarina;phy;Chlorophyta;Lagerheim, 1886
160594;Pachysphaera;phy;Chlorophyta;Ostenfeld, 1899
160561;Pediastrum;phy;Chlorophyta;Meyen, 1829
162715;Planctonema;phy;Chlorophyta;Schmidle, 1903
172816;Polyasterias;phy;Chlorophyta;A.Meunier, 1910
172818;Polyasterias problematica;phy;Chlorophyta;(Cleve) Meunier, 1910
143937;Pseudendoclonium;phy;Chlorophyta;Wille, 1901
144879;Pseudendoclonium submarinum;phy;Chlorophyta;Wille, 1901
621601;Pseudopediastrum boryanum;phy;Chlorophyta;(Turpin) E.Hegewald, 2005
134566;Pseudoscourfieldia marina;phy;Chlorophyta;(J.Throndsen) Manton, 1975
172469;Pteromonas;phy;Chlorophyta;Seligo, 1887
160595;Pterosperma;phy;Chlorophyta;Pouchet, 1893
376081;Pterosperma cristatum;phy;Chlorophyta;Schiller, 1925
345830;Pterosperma dictyon;phy;Chlorophyta;(Jørgensen) Ostenfeld, 1901
345882;Pterosperma moebii;phy;Chlorophyta;(Jørgensen) Ostenfeld, 1901
341609;Pterosperma parallelum;phy;Chlorophyta;Gaardner, 1938
341610;Pterosperma polygonum;phy;Chlorophyta;Ostenfeld, 1902
376084;Pterosperma undulatum;phy;Chlorophyta;Ostenfeld, 1902
345881;Pterosperma vanhoeffenii;phy;Chlorophyta;(Jørgensen) Ostenfeld, 1899
134529;Pyramimonas;phy;Chlorophyta;Schmarda, 1849
160513;Pyramimonas longicauda;phy;Chlorophyta;L.Van Meel, 1969
134550;Pyramimonas subg. Trichocystis grossii;phy;Chlorophyta;Parke, 1949
134559;Pyramimonas virginica;phy;Chlorophyta;Pennick, 1977
160602;Scenedesmus;phy;Chlorophyta;Meyen, 1829
134535;Scourfieldia;phy;Chlorophyta;G.S.West, 1912
178949;Tetraëdron;phy;Chlorophyta;Kützing, 1845
134526;Tetraselmis;phy;Chlorophyta;F.Stein, 1878
248171;Tetraselmis cordiformis;phy;Chlorophyta;(H.J.Carter) F.Stein, 1878
376158;Tetraselmis marina;phy;Chlorophyta;(Cienkowski) R.E.Norris, Hori & Chihara, 1980
162934;Tetrastrum;phy;Chlorophyta;Chodat, 1895
610934;Tetrastrum staurogeniiforme;phy;Chlorophyta;(Schröder) Lemmermann, 1900
576713;Treubaria;phy;Chlorophyta;C.Bernard, 1908
494309;Uronema;phy;Chlorophyta;Lagerheim, 1887
183555;Acanthostomella;phy;Ciliophora;Jörgensen, 1927
183556;Acanthostomella norvegica;phy;Ciliophora;(Daday, 1887)
292897;Askenasia;phy;Ciliophora;Blochmann, 1895
292898;Askenasia stellaris;phy;Ciliophora;Leegaard, 1920
150203;Codonella;phy;Ciliophora;Haeckel, 1873
196834;Dictyocysta;phy;Ciliophora;Ehrenberg, 1854
341301;Didinium;phy;Ciliophora;Stein, 1859
341668;Epiplocylis undella;phy;Ciliophora;(Ostenfeld & Schmidt) Jörgensen, 1927
172434;Helicostomella;phy;Ciliophora;Jörgensen, 1924
427488;Helicostomella edentata;phy;Ciliophora;(Fauré-Fremiet, 1924)
240437;Helicostomella subulata;phy;Ciliophora;(Ehrenberg, 1833) Jörgensen, 1924
101190;Laboea;phy;Ciliophora;Lohmann, 1908
101264;Laboea strobila;phy;Ciliophora;Lohmann, 1908
179314;Lacrymaria;phy;Ciliophora;Bory de St. Vincent, 1824
101179;Leegaardiella;phy;Ciliophora;Lynn & Montagnes, 1988
179320;Mesodinium;phy;Ciliophora;von Stein
179321;Mesodinium pulex;phy;Ciliophora;Claparède & Lachmann, 1858
232069;Mesodinium rubrum;phy;Ciliophora;(Lohmann, 1908)
341324;Monodinium;phy;Ciliophora;Fabre-Domergue, 1888
292924;Proplectella;phy;Ciliophora;Kofoid & Campbell, 1929
595198;Pseudotontonia cornuta;phy;Ciliophora;(Leegaard, 1915) Agatha, 2004
427510;Ptychocylis minor;phy;Ciliophora;Gruber, 1879
101185;Strobilidium;phy;Ciliophora;Schewiakoff, 1892
101198;Strombidinopsis;phy;Ciliophora;Kent, 1881
101195;Strombidium;phy;Ciliophora;Claparède & Lachmann, 1859
101279;Strombidium bilobum;phy;Ciliophora;Lynn & Gilron, 1993
101289;Strombidium conicum;phy;Ciliophora;(Lohmann, 1908) Wulff, 1919
732820;Strombidium emergens;phy;Ciliophora;(Leegaard, 1915) Busch, 1921
101325;Strombidium reticulatum;phy;Ciliophora;(Leegaard, 1915) Busch, 1921
101335;Strombidium sulcatum;phy;Ciliophora;Claparède & Lachmann, 1859
247913;Tiarina;phy;Ciliophora;Berg, 1881
247943;Tiarina fusus;phy;Ciliophora;Bergh, 1881
163780;Tintinnopsis;phy;Ciliophora;Stein, 1867
163782;Tintinnopsis beroidea;phy;Ciliophora;Stein, 1867
163913;Tintinnopsis campanula;phy;Ciliophora;Ehrenberg, 1840
417146;Tintinnopsis cylindrata;phy;Ciliophora;Kofoid & Campbell, 1892
163919;Tintinnopsis lobiancoi;phy;Ciliophora;Daday, 1887
232076;Tintinnopsis minuta;phy;Ciliophora;Wailes, 1925
232077;Tintinnopsis nucula;phy;Ciliophora;(Fol, 1884)
427436;Tintinnopsis turbo;phy;Ciliophora;Meunier, 1919
101196;Tontonia;phy;Ciliophora;Fauré-Fremiet, 1914
427744;Tontonia ovalis;phy;Ciliophora;(Leegaard, 1915) Laval-Peuto & Rassoulzadegan, 1987
163573;Vorticella;phy;Ciliophora;Linnaeus, 1767
106281;Chroomonas;phy;Cryptophyta;Hansgirg, 1885
106295;Chroomonas vectensis;phy;Cryptophyta;N.Carter, 1937
146167;Cryptaulax;phy;Cryptophyta;Skuja, 1948
146168;Cryptaulax marina;phy;Cryptophyta;J.Throndsen, 1969
106282;Cryptomonas;phy;Cryptophyta;Ehrenberg, 1831
106286;Goniomonas;phy;Cryptophyta;Stein, 1878
106287;Hemiselmis;phy;Cryptophyta;Parke, 1949
106310;Hemiselmis virescens;phy;Cryptophyta;Droop, 1955
178565;Hillea;phy;Cryptophyta;Schiller, 1925
178567;Hillea fusiformis;phy;Cryptophyta;(J.Schiller) J.Schiller, 1925
627117;Katablepharis remigera;phy;Cryptophyta;(N.Vørs) B.Clay & P.Kugrens, 2000
17651;Leucocryptos;phy;Cryptophyta;Butcher, 1967
119077;Leucocryptos marina;phy;Cryptophyta;(Braarud) Butcher, 1967
106303;Plagioselmis prolonga;phy;Cryptophyta;Butcher ex G.Novarino, I.A.N.Lucas & S.Morrall, 1994
106289;Rhodomonas;phy;Cryptophyta;G. Karsten, 1898
106313;Rhodomonas baltica;phy;Cryptophyta;Karsten, 1898
248152;Rhodomonas lacustris var. nannoplanctica;phy;Cryptophyta;(Skuja) Javornicky, 1976
106314;Rhodomonas marina;phy;Cryptophyta;(P.A.Dangeard) Lemmermann, 1899
106285;Teleaulax;phy;Cryptophyta;Hill, 1991
106305;Teleaulax acuta;phy;Cryptophyta;(Butcher) D.R.A.Hill, 1991
106306;Teleaulax amphioxeia;phy;Cryptophyta;(W.Conrad) D.R.A.Hill, 1992
118028;Telonema;phy;Cryptophyta;Griessmann, 1913
118075;Telonema subtile;phy;Cryptophyta;Greissmann, 1913
146585;Anabaena;phy;Cyanobacteria;Bory de Saint-Vincent ex Bornet & Flahault, 1886
160567;Aphanizomenon;phy;Cyanobacteria;A.Morren ex Bornet & Flahault, 1888
146562;Aphanocapsa;phy;Cyanobacteria;C.Nägeli, 1849
146715;Aphanothece;phy;Cyanobacteria;C.Nägeli, 1849
177108;Cyanodictyon;phy;Cyanobacteria;Pascher, 1914
146579;Dactylococcopsis;phy;Cyanobacteria;Hansgirg
601568;Diplonema;phy;Cyanobacteria;Borzí, 1917
211903;Entophysalis deusta;phy;Cyanobacteria;(Meneghini) F.E.Drouet & W.A.Daily, 1948
146627;Hyella;phy;Cyanobacteria;Bornet & Flahault, 1888
146628;Hyella caespitosa;phy;Cyanobacteria;Bornet & Flahault, 1888
177506;Limnothrix;phy;Cyanobacteria;Meffert, 1987
146545;Merismopedia;phy;Cyanobacteria;Meyen, 1839
146578;Merismopedia glauca;phy;Cyanobacteria;(Ehrenberg) Kützing, 1845
146557;Microcystis;phy;Cyanobacteria;Lemmermann, 1907
160566;Nodularia spumigena;phy;Cyanobacteria;Mertens ex Bornet & Flahault, 1888
146549;Oscillatoria;phy;Cyanobacteria;Vaucher ex Gomont, 1892
146551;Planktothrix;phy;Cyanobacteria;Anagnostidis & Komárek, 1988
345515;Prochlorococcus;phy;Cyanobacteria;S.W.Chisholm, S.L.Frankel, R.Goericke, R.J.Olson, B.Palenik, J.B.Waterbury, L.West-Johnsrud & E.R.Zettler, 1992
177588;Pseudanabaena;phy;Cyanobacteria;Lauterborn, 1915
146655;Schizothrix;phy;Cyanobacteria;Kützing ex Gomont, 1892
625763;Scytonematopsis crustacea;phy;Cyanobacteria;(Thuret ex Bornet & Flahault) Koválik & Komárek, 1988
146541;Spirulina;phy;Cyanobacteria;Turpin ex Gomont, 1892
160572;Synechococcus;phy;Cyanobacteria;Nägeli, 1849
177604;Trichodesmium;phy;Cyanobacteria;Ehrenberg ex Gomont, 1892
146617;Woronichinia;phy;Cyanobacteria;Elenkin, 1933
8030;Anisonema;phy;Euglenozoa;Dujardin, 1841
110643;Anisonema prosgeobium;phy;Euglenozoa;Skuja, 1939
110644;Anisonema trepidum;phy;Euglenozoa;Larsen
163791;Astasia;phy;Euglenozoa;Dujardin, 1841
22557;Bodo;phy;Euglenozoa;Ehrenberg, 1832
146181;Diplonema ambulator;phy;Euglenozoa;Larsen & Patterson, 1990
146175;Diplonema breviciliatum;phy;Euglenozoa;K.Griessmann, 1913
178591;Distigma;phy;Euglenozoa;Ehrenberg, 1831
8012;Euglena;phy;Euglenozoa;Ehrenberg, 1830
178582;Eutreptia;phy;Euglenozoa;Perty, 1852
17657;Eutreptiella;phy;Euglenozoa;A.da Cunha, 1914
110652;Eutreptiella gymnastica;phy;Euglenozoa;Throndsen, 1969
160556;Eutreptiella marina;phy;Euglenozoa;da Cunha, 1914
573872;Eutreptiella pascheri;phy;Euglenozoa;(Schiller) Pascher, 1927
146165;Hemistasia;phy;Euglenozoa;Griessmann, 1913
146166;Hemistasia phaeocystidicola;phy;Euglenozoa;(Scherffel, 1900) Elbrächter & Schnepf, 1996
8022;Heteronema;phy;Euglenozoa;Dujardin, 1878
600881;Menoidium;phy;Euglenozoa;Perty, 1852
1371617;Neometanema ovale;phy;Euglenozoa;(Kahl) W.J.Lee & A.G.B.Simpson, 2014
8038;Petalomonas;phy;Euglenozoa;F.Stein, 1859
163339;Phacus;phy;Euglenozoa;Dujardin, 1841
22733;Ploeotia;phy;Euglenozoa;Dujardin, 1841
146161;Rhynchomonas;phy;Euglenozoa;Klebs, 1892
146163;Rhynchomonas nasuta;phy;Euglenozoa;(Stokes) Klebs, 1892
146178;Rhynchopus;phy;Euglenozoa;Skuja, 1948
146180;Rhynchopus coscinodiscivorus;phy;Euglenozoa;E.Schnepf
163247;Trachelomonas;phy;Euglenozoa;Ehrenberg, 1834
8027;Urceolus;phy;Euglenozoa;C.von Mereschkowsky, 1879
115083;Acanthoica;phy;Haptophyta;Lohmann, 1903
115101;Acanthoica acanthifera;phy;Haptophyta;Lohmann ex Lohmann, 1913
235909;Acanthoica coronata;phy;Haptophyta;Lohmann, 1903
235802;Acanthoica quattrospina;phy;Haptophyta;Lohmann, 1903
235913;Algirosphaera robusta;phy;Haptophyta;(Lohmann) R.E.Norris, 1984
235849;Braarudosphaera;phy;Haptophyta;Deflandre, 1947
235922;Braarudosphaera bigelowii;phy;Haptophyta;(Gran & Braarud) Deflandre, 1947
235923;Calcidiscus leptoporus;phy;Haptophyta;(G.Murray & V.H.Blackman) Loeblich Jr. & Tappan, 1978
555889;Calciosolenia brasiliensis;phy;Haptophyta;(Lohmann) J.R.Young, 2003
235828;Calyptrosphaera;phy;Haptophyta;Lohmann, 1902
115090;Chrysochromulina;phy;Haptophyta;Lackey, 1939
115126;Chrysochromulina parkeae;phy;Haptophyta;J.C.Green & Leadbeater, 1972
115128;Chrysochromulina pringsheimii;phy;Haptophyta;Parke & Manton, 1962
115129;Chrysochromulina spinifera;phy;Haptophyta;(Fournier) Pienaar & R.E.Norris, 1979
837255;Chrysotila carterae;phy;Haptophyta;(Braarud & Fagerland) Andersen, Kim, Tittley & Yoon, 2014
615414;Chrysotila stipitata;phy;Haptophyta;Anand, 1936
178598;Coccolithus;phy;Haptophyta;E.H.L.Schwarz, 1894
555900;Coccolithus pelagicus f. hyalinus;phy;Haptophyta;(K.R.Gaarder & J.Markali) A.Kleijne, 1991
235934;Coronosphaera;phy;Haptophyta;Gaarder, 1977
235944;Coronosphaera mediterranea;phy;Haptophyta;(Lohmann) Gaarder, 1977
162518;Corymbellus;phy;Haptophyta;J.C.Green, 1976
162519;Corymbellus aureus;phy;Haptophyta;J.C.Green, 1976
235947;Cruciplacolithus neohelis;phy;Haptophyta;(McIntyre & Bé) P.Reinhardt, 1972
115104;Emiliania huxleyi;phy;Haptophyta;(Lohmann) W.W.Hay & H.P.Mohler, 1967
235823;Gephyrocapsa;phy;Haptophyta;Kamptner, 1943
235955;Gephyrocapsa oceanica;phy;Haptophyta;Kamptner, 1943
235863;Helicosphaera;phy;Haptophyta;Kamptner, 1954
115088;Phaeocystis;phy;Haptophyta;Lagerheim, 1893
160538;Phaeocystis globosa;phy;Haptophyta;Scherffel, 1899
115106;Phaeocystis pouchetii;phy;Haptophyta;(Hariot) Lagerheim, 1896
235825;Pleurochrysis;phy;Haptophyta;Pringsheim, 1955
115082;Pontosphaera;phy;Haptophyta;Lohmann, 1902
160563;Prymnesium;phy;Haptophyta;Massart, 1920
160564;Prymnesium parvum;phy;Haptophyta;N.Carter, 1937
670030;Prymnesium polylepis;phy;Haptophyta;(Manton & Parke) Edvardsen, Eikrem & Probert, 2011
603344;Rhabdolithes;phy;Haptophyta;O.Schmidt, 1870
626382;Rhabdolithes claviger;phy;Haptophyta;(G.Murray & Blackman) Voeltzkow, 1902
836862;Ruttnera lamellosa;phy;Haptophyta;(P.L.Anand) R.A.Andersen, J.I.Kim, Tittley & H.S.Yoon, 2014
236039;Syracosphaera molischii;phy;Haptophyta;J.Schiller, 1925
235979;Syracosphaera pulchra;phy;Haptophyta;Lohmann, 1902
573401;Syracosphaera rotula;phy;Haptophyta;Okada & McIntyre, 1977
235937;Umbellosphaera;phy;Haptophyta;Paasche, 1955
109717;Actiniscus pentasterias;phy;Myzozoa;(Ehrenberg) Ehrenberg, 1844
109525;Adenoides;phy;Myzozoa;Balech, 1956
110069;Adenoides eludens;phy;Myzozoa;(Herdman) Balech, 1956
163743;Adenoides kofoidii;phy;Myzozoa;(Herdman) Dodge, 1982
992758;Aduncodinium glandula;phy;Myzozoa;(E.C.Herdman) N.S.Kang, H.J.Jeong & Ø.Moestrup, 2014
232546;Akashiwo sanguinea;phy;Myzozoa;(K.Hirasaka) Gert Hansen & Moestrup, 2000
109470;Alexandrium;phy;Myzozoa;Halim, 1960
109707;Alexandrium affine;phy;Myzozoa;(H.Inoue & Y.Fukuyo) Balech, 1995
246835;Alexandrium andersonii;phy;Myzozoa;Balech, 1990
109710;Alexandrium leei;phy;Myzozoa;Balech, 1985
233447;Alexandrium margalefii;phy;Myzozoa;Balech, 1994
109711;Alexandrium minutum;phy;Myzozoa;Halim, 1960
109712;Alexandrium ostenfeldii;phy;Myzozoa;(Paulsen) Balech & Tangen, 1985
109713;Alexandrium pseudogonyaulax;phy;Myzozoa;(Biecheler) Horiguchi ex K.Yuki & Y.Fukuyo, 1992
109714;Alexandrium tamarense;phy;Myzozoa;(Lebour) Balech, 1995
388924;Alexandrium tamutum;phy;Myzozoa;M.Montresor, A.Beran & U.John, 2004
109448;Amoebophrya;phy;Myzozoa;Koeppen, 1894
109578;Amoebophrya ceratii;phy;Myzozoa;(Koeppen) J.Cachon, 1964
109556;Amphidiniopsis;phy;Myzozoa;Woloszynska, 1928
233713;Amphidiniopsis arenaria;phy;Myzozoa;Hoppenrath, 2001
110268;Amphidiniopsis hirsuta;phy;Myzozoa;(Balech) J.D.Dodge, 1982
110269;Amphidiniopsis kofoidii;phy;Myzozoa;Woloszynska, 1929
110270;Amphidiniopsis swedmarkii;phy;Myzozoa;(Balech) J.D.Dodge, 1982
109473;Amphidinium;phy;Myzozoa;Claperède & Lachmann, 1859
109718;Amphidinium acutissimum;phy;Myzozoa;Schiller, 1933
109723;Amphidinium carterae;phy;Myzozoa;Hulburt, 1957
109726;Amphidinium crassum;phy;Myzozoa;Lohmann, 1908
232577;Amphidinium extensum;phy;Myzozoa;Wulff, 1919
109728;Amphidinium flagellans;phy;Myzozoa;Schiller
109731;Amphidinium herdmanii;phy;Myzozoa;Kofoid & Swezy, 1921
109733;Amphidinium incoloratum;phy;Myzozoa;P.H.Campbell, 1973
109741;Amphidinium longum;phy;Myzozoa;Lohmann, 1908
109745;Amphidinium operculatum;phy;Myzozoa;Claparède & Lachmann, 1859
232613;Amphidinium pelagicum;phy;Myzozoa;Lebour, 1925
109750;Amphidinium psittacus;phy;Myzozoa;Larsen, 1985
109752;Amphidinium scissum;phy;Myzozoa;Koifoid & Swezy, 1921
109754;Amphidinium sphenoides;phy;Myzozoa;WüIff, 1916
109517;Amphidoma;phy;Myzozoa;Stein, 1883
233194;Amphidoma acuminata;phy;Myzozoa;Stein, 1883
109459;Amphisolenia;phy;Myzozoa;Stein, 1883
109518;Amylax;phy;Myzozoa;Meunier, 1910
110007;Amylax triacantha;phy;Myzozoa;(Jörgensen) Sournia, 1984
846758;Amylax triacantha var. buxus;phy;Myzozoa;(Balech) Gárate-Lizárraga, 2014
604918;Archaeperidinium;phy;Myzozoa;Jörgensen, 1912
624607;Archaeperidinium minutum;phy;Myzozoa;(Kofoid) Jørgensen, 1912
391508;Azadinium;phy;Myzozoa;Elbrächter & Tillmann, 2009
837075;Azadinium caudatum;phy;Myzozoa;(Halldal) Nézan & Chomérat, 2012
391509;Azadinium spinosum;phy;Myzozoa;Elbrächter & Tillmann, 2009
1371463;Barrufeta resplendens;phy;Myzozoa;(Hulburt) H.Gu, Z.Luo & K.N.Mertens, 2015
109548;Blepharocysta;phy;Myzozoa;Ehrenberg, 1873
110178;Blepharocysta paulsenii;phy;Myzozoa;J.Schiller, 1937
109523;Boreadinium;phy;Myzozoa;Dodge & Hermes, 1981
110067;Boreadinium pisiforme;phy;Myzozoa;J.D.Dodge & Hermes, 1981
109532;Cachonina;phy;Myzozoa;Loeblich III, 1968
109506;Ceratium;phy;Myzozoa;F.Schrank, 1793
156509;Ceratium arcticum;phy;Myzozoa;(Ehrenberg) Cleve, 1901
109932;Ceratium breve;phy;Myzozoa;(Ostenfeld & Schmidt) Schröder, 1906
109947;Ceratium extensum;phy;Myzozoa;(Gourret) Cleve-Euler, 1900
109953;Ceratium gibberum;phy;Myzozoa;Gourret, 1883
109955;Ceratium hexacanthum;phy;Myzozoa;Gourret, 1883
156511;Ceratium hirundinella;phy;Myzozoa;(O.F.Müller) Dujardin, 1841
109963;Ceratium lineatum;phy;Myzozoa;(Ehrenberg) Cleve, 1899
196823;Ceratium petersii;phy;Myzozoa;Steemann Nielsen, 1934
196824;Ceratium platycorne;phy;Myzozoa;Daday, 1888
345375;Ceratium tripos var. atlanticum;phy;Myzozoa;(Ostenfeld) Paulsen, 1908
109507;Ceratocorys;phy;Myzozoa;Stein, 1883
109509;Cladopyxis;phy;Myzozoa;Stein, 1883
109474;Cochlodinium;phy;Myzozoa;Schütt, 1896
109766;Cochlodinium helicoides;phy;Myzozoa;Lebour, 1925
109767;Cochlodinium helix;phy;Myzozoa;(Pouchet) Lemmermann, 1899
109773;Cochlodinium pupa;phy;Myzozoa;Lebour, 1925
109774;Cochlodinium schuettii;phy;Myzozoa;Kofoid & Swezy, 1921
109776;Cochlodinium vinctum;phy;Myzozoa;Kofoid & Swezy, 1921
110130;Coolia monotis;phy;Myzozoa;Meunier, 1919
109527;Corythodinium;phy;Myzozoa;Loeblich Jr. & Loeblich III, 1966
196830;Cystodinium;phy;Myzozoa;Klebs, 1912
232110;Dicroerisma psilonereiella;phy;Myzozoa;F.J.R.Taylor & S.A.Cattell, 1969
109462;Dinophysis;phy;Myzozoa;Ehrenberg, 1839
109603;Dinophysis acuminata;phy;Myzozoa;Claparède & Lachmann, 1859
109604;Dinophysis acuta;phy;Myzozoa;Ehrenberg, 1839
232161;Dinophysis arctica;phy;Myzozoa;Mereschkowsky, 1879
109612;Dinophysis caudata;phy;Myzozoa;Saville-Kent, 1881
109616;Dinophysis dens;phy;Myzozoa;Pavillard, 1915
109624;Dinophysis fortii;phy;Myzozoa;Pavillard, 1924
627604;Dinophysis irregulare;phy;Myzozoa;(Lebour) Balech
232496;Dinophysis nasuta;phy;Myzozoa;(Stein) Parke & Dixon, 1968
109637;Dinophysis norvegica;phy;Myzozoa;Claparède & Lachmann, 1859
646201;Dinophysis ovum;phy;Myzozoa;(F.Schütt) T.H.Abé
109649;Dinophysis pulchella;phy;Myzozoa;(Lebour) Balech, 1967
109651;Dinophysis punctata;phy;Myzozoa;Jörgensen, 1923
232261;Dinophysis sacculus;phy;Myzozoa;F.Stein, 1883
232273;Dinophysis semen;phy;Myzozoa;Meunier, 1910
109662;Dinophysis tripos;phy;Myzozoa;Gourret, 1883
110131;Diplopelta asymmetrica;phy;Myzozoa;(Mangin) Balech
110133;Diplopelta bomba;phy;Myzozoa;Stein ex Jørgensen, 1912
110134;Diplopelta pusilla;phy;Myzozoa;Balech & R.Akselman, 1988
109515;Diplopsalis;phy;Myzozoa;Bergh, 1881
110001;Diplopsalis lenticula;phy;Myzozoa;Bergh, 1881
110002;Diplopsalis minima;phy;Myzozoa;Mangin
109537;Diplopsalopsis;phy;Myzozoa;Meunier, 1910
155560;Diplopsalopsis bomba;phy;Myzozoa;(Stein) J.D.Dodge & S.Toriumi, 1993
110138;Diplopsalopsis latipeltata;phy;Myzozoa;Balech & Borgese, 1990
110139;Diplopsalopsis orbicularis;phy;Myzozoa;(Paulsen) Meunier, 1910
110324;Dissodinium pseudocalani;phy;Myzozoa;(Gonnert) Drebes ex Elbrachter & Drebes, 1978
110325;Dissodinium pseudolunula;phy;Myzozoa;Swift ex Elbrächter & Drebes, 1978
601282;Duboscquella;phy;Myzozoa;Chatton, 1920
841287;Durinskia dybowskii;phy;Myzozoa;(Woloszynska) Carty, 2014
231803;Ensiculifera;phy;Myzozoa;Balech ex K.Matsuoka, S.Kobayashi & G.Gains, 1990
109468;Fragilidium;phy;Myzozoa;Balech ex Loeblich III, 1965
109705;Fragilidium subglobosum;phy;Myzozoa;(Stosch) Loeblich III, 1980
109538;Glenodinium;phy;Myzozoa;Ehrenberg, 1836
109559;Goniodoma;phy;Myzozoa;Stein, 1883
109519;Gonyaulax;phy;Myzozoa;Diesing, 1866
110009;Gonyaulax alaskensis;phy;Myzozoa;Kofoid, 1911
110014;Gonyaulax diegensis;phy;Myzozoa;Kofoid, 1911
110015;Gonyaulax digitale;phy;Myzozoa;(Pouchet) Kofoid, 1911
418136;Gonyaulax digitalis;phy;Myzozoa;(C.H.G.Pouchet) Kofoid, 1911
110035;Gonyaulax polygramma;phy;Myzozoa;F.Stein, 1883
110038;Gonyaulax rugosum;phy;Myzozoa;Wailes
110039;Gonyaulax scrippsae;phy;Myzozoa;Kofoid, 1911
110041;Gonyaulax spinifera;phy;Myzozoa;(Claparède & Lachmann) Diesing, 1866
110045;Gonyaulax verior;phy;Myzozoa;Sournia, 1973
233673;Gotoius abei;phy;Myzozoa;K.Matsuoka, 1988
109475;Gymnodinium;phy;Myzozoa;F. Stein, 1878
109777;Gymnodinium abbreviatum;phy;Myzozoa;Kofoid & Swezy, 1921
109780;Gymnodinium agiliforme;phy;Myzozoa;Schiller, 1928
495389;Gymnodinium arenicola;phy;Myzozoa;Dragesco, 1965
232716;Gymnodinium aureolum;phy;Myzozoa;(E.M.Hulburt) Gert Hansen, 2000
109784;Gymnodinium catenatum;phy;Myzozoa;H.W.Graham, 1943
109791;Gymnodinium elongatum;phy;Myzozoa;B.Hope, 1954
109792;Gymnodinium endofasciculum;phy;Myzozoa;P.H.Campbell, 1973
109793;Gymnodinium filum;phy;Myzozoa;Lebour, 1917
232765;Gymnodinium galeatum;phy;Myzozoa;J.Larsen, 1994
109800;Gymnodinium gracile;phy;Myzozoa;Bergh, 1881
232778;Gymnodinium heterostriatum;phy;Myzozoa;Kofoid & Swezy, 1921
232785;Gymnodinium impudicum;phy;Myzozoa;(S.Fraga & I.Bravo) Gert Hansen & Moestrup, 2000
109811;Gymnodinium marinum;phy;Myzozoa;Kent, 1880
109814;Gymnodinium minor;phy;Myzozoa;Lebour, 1917
109818;Gymnodinium nolleri;phy;Myzozoa;M.Ellegaard & Ø.Moestrup, 1999
232829;Gymnodinium octo;phy;Myzozoa;J.Larsen, 1994
503615;Gymnodinium parvum;phy;Myzozoa;J.Larsen, 1994
109825;Gymnodinium pygmaeum;phy;Myzozoa;Lebour, 1925
109826;Gymnodinium rhomboides;phy;Myzozoa;Schütt, 1895
232859;Gymnodinium roseostigma;phy;Myzozoa;P.H.Campbell, 1973
109828;Gymnodinium rubrum;phy;Myzozoa;Koifoid & Swezy, 1921
547469;Gymnodinium venator;phy;Myzozoa;Flo Jørgensen & Murray, 2004
576265;Gymnodinium wulffii;phy;Myzozoa;J.Schiller, 1933
109476;Gyrodinium;phy;Myzozoa;Kofoid & Swezy, 1921
109843;Gyrodinium britannicum;phy;Myzozoa;Kofoid & Swezy, 1921
109844;Gyrodinium calyptoglyphe;phy;Myzozoa;Lebour, 1925
109845;Gyrodinium cochlea;phy;Myzozoa;Lebour, 1925
109849;Gyrodinium crassum;phy;Myzozoa;(Pouchet) Kofoid & Swezy, 1921
109851;Gyrodinium dominans;phy;Myzozoa;Hulbert, 1957
232931;Gyrodinium falcatum;phy;Myzozoa;Kofoid & Swezy, 1921
232934;Gyrodinium fissoides;phy;Myzozoa;Elbrachter, 1979
109854;Gyrodinium flagellare;phy;Myzozoa;Schiller, 1928
109856;Gyrodinium fusiforme;phy;Myzozoa;Kofoid & Swezy, 1921
232943;Gyrodinium fusus;phy;Myzozoa;(Meunier) Akselman, 1985
232947;Gyrodinium grave;phy;Myzozoa;(Meunier) Kofoid & Swezy, 1921
232952;Gyrodinium herbaceum;phy;Myzozoa;Kofoid & Swezy, 1921
232953;Gyrodinium heterogrammum;phy;Myzozoa;J.Larsen, 1996
109857;Gyrodinium impendans;phy;Myzozoa;J.Larsen, 1996
109859;Gyrodinium lachryma;phy;Myzozoa;(Meunier) Kofoid & Swezy, 1921
109860;Gyrodinium linguliferum;phy;Myzozoa;Lebour, 1925
109863;Gyrodinium obtusum;phy;Myzozoa;(Schütt) Kofoid & Swezy, 1921
109865;Gyrodinium opimum;phy;Myzozoa;(Schütt) Lebour, 1925
109868;Gyrodinium parvulum;phy;Myzozoa;(Schütt) Kofoid & Swezy, 1921
109870;Gyrodinium pellucidum;phy;Myzozoa;(Wulff) J.Schiller, 1933
109872;Gyrodinium pingue;phy;Myzozoa;(Schütt) Kofoid & Swezy, 1921
109873;Gyrodinium prunus;phy;Myzozoa;(Wulff) Lebour, 1925
109876;Gyrodinium spirale;phy;Myzozoa;(Bergh) Kofoid & Swezy, 1921
232998;Gyrodinium striatissimum;phy;Myzozoa;(E.M.Hulburt) Gert Hansen & Ø.Moestrup, 2000
109878;Gyrodinium undulans;phy;Myzozoa;Hulbert, 1957
109879;Gyrodinium varians;phy;Myzozoa;(Wulff) Schiller, 1933
109881;Gyrodinium wulffii;phy;Myzozoa;Schiller, 1933
233009;Gyrodinium zeta;phy;Myzozoa;J.Larsen, 1996
109891;Hemidinium nasutum;phy;Myzozoa;F.Stein, 1878
109482;Herdmania;phy;Myzozoa;Dodge, 1981
109894;Herdmania litoralis;phy;Myzozoa;J.D.Dodge, 1981
109540;Heterocapsa;phy;Myzozoa;Stein, 1883
233615;Heterocapsa lanceolata;phy;Myzozoa;Iwataki & Fukuyo, 2002
233619;Heterocapsa minima;phy;Myzozoa;A.J.Pomroy, 1989
233620;Heterocapsa niei;phy;Myzozoa;(Loeblich III) Morrill & Loeblich III, 1981
110152;Heterocapsa rotundata;phy;Myzozoa;(Lohmann) Gert Hansen, 1995
109463;Histioneis;phy;Myzozoa;Stein, 1883
839791;Islandinium tricingulatum;phy;Myzozoa;(H.Kawami, R.van Wezel, R.Koeman & K.Matsuoka) E.Potvin, A.Rochon & C.Lovejoy, 2013
1368615;Kapelodinium vestifici;phy;Myzozoa;(Schütt) Boutrup, Moestrup & Daugbjerg, 2016
231788;Karenia;phy;Myzozoa;G.Hansen & Moestrup, 2000
233015;Karenia brevis;phy;Myzozoa;(C.C.Davis) Gert Hansen & Moestrup, 2000
233024;Karenia mikimotoi;phy;Myzozoa;(Miyake & Kominami ex Oda) Gert Hansen & Moestrup, 2000
246593;Karenia papilionacea;phy;Myzozoa;A.J.Haywood & K.A.Steidinger, 2004
231789;Karlodinium;phy;Myzozoa;J.Larsen, 2000
233037;Karlodinium veneficum;phy;Myzozoa;(D.Ballantine) J.Larsen, 2000
109477;Katodinium;phy;Myzozoa;Fott, 1957
109882;Katodinium asymmetricum;phy;Myzozoa;(Massart) A.R.Loeblich, III, 1965
109885;Katodinium glaucum;phy;Myzozoa;(Lebour) Loeblich III, 1965
109499;Kofoidinium;phy;Myzozoa;Pavillard, 1928
233165;Kofoidinium lebourae;phy;Myzozoa;(Pavillard) F.J.R.Taylor, 1976
109920;Kofoidinium velleloides;phy;Myzozoa;Pavillard, 1929
110154;Kryptoperidinium foliaceum;phy;Myzozoa;(F.Stein) Lindemann, 1924
1346683;Kryptoperidinium triquetrum;phy;Myzozoa;(Ehrenberg) U.Tillmann, M. Gottschling, M.Elbrächter, W.-H.Kusber & M.Hoppenrath, 2019
110204;Lebouraia minuta;phy;Myzozoa;T.H.Abé, 1941
1382182;Lebouridinium glaucum;phy;Myzozoa;(Lebour) F.Gómez, H.Takayam, D.Moreira & P.López-García, 2016
231790;Lepidodinium;phy;Myzozoa;Watanabe, Suda, Inouye, Sawaguchi & Chihara, 1990
345481;Lepidodinium chlorophorum;phy;Myzozoa;(M.Elbrächter & E.Schnepf) Gert Hansen, Botes & Salas, 2007
232703;Lessardia elongata;phy;Myzozoa;Saldarriaga & F.J.R.Taylor, 2003
840689;Levanderina fissa;phy;Myzozoa;(Levander) Moestrup, Hakanen, Gert Hansen, Daugbjerg & M.Ellegaard, 2014
231799;Lingulodinium;phy;Myzozoa;D.Wall, 1967
233592;Lingulodinium polyedra;phy;Myzozoa;(F.Stein) J.D.Dodge, 1989
990876;Margalefidinium polykrikoides;phy;Myzozoa;(Margalef) F.Gómez, Richlen & D.M.Anderson, 2017
109564;Mesoporos;phy;Myzozoa;Lillick, 1937
232516;Mesoporos perforatus;phy;Myzozoa;(Gran) Lillick, 1937
231778;Metaphalacroma;phy;Myzozoa;Tai & Skogsberg, 1934
109510;Micracanthodinium;phy;Myzozoa;Deflandre, 1937
109992;Micracanthodinium claytonii;phy;Myzozoa;(R.W.Holmes) Dodge, 1982
109993;Micracanthodinium setiferum;phy;Myzozoa;(Lohmann) Deflandre, 1937
109511;Micranthodinium;phy;Myzozoa;NA
109490;Nematodinium;phy;Myzozoa;Kofoid & Swezy, 1921
109907;Nematodinium armatum;phy;Myzozoa;(Dogiel) Kofoid & Swezy, 1921
547526;Nematopsides;phy;Myzozoa;Greuet, 1973
547527;Nematopsides vigilans;phy;Myzozoa;(Marshall) Greuet, 1973
494056;Neoceratium;phy;Myzozoa;F.Gómez, D.Moreira & P.López-Garcia, 2010
109500;Noctiluca;phy;Myzozoa;Suriray, 1836
109921;Noctiluca scintillans;phy;Myzozoa;(Macartney) Kofoid & Swezy, 1921
837093;Nusuttodinium latum;phy;Myzozoa;(Lebour) Y.Takano & T.Horiguchi, 2014
109542;Oblea;phy;Myzozoa;Balech ex Loeblich Jr. & Loeblich III, 1966
656295;Oblea acanthocysta;phy;Myzozoa;H.Kawami, M.Iwataki & Matsuoka, 2006
110155;Oblea rotunda;phy;Myzozoa;(Lebour) Balech ex Sournia, 1973
345495;Oodinium pouchetii;phy;Myzozoa;(Lemmermann) Chatton, 1912
109464;Ornithocercus;phy;Myzozoa;Stein, 1883
109524;Ostreopsis;phy;Myzozoa;J.Schmidt, 1901
109902;Oxyrrhis marina;phy;Myzozoa;Dujardin, 1841
109528;Oxytoxum;phy;Myzozoa;Stein, 1883
110082;Oxytoxum caudatum;phy;Myzozoa;Schiller, 1937
233870;Oxytoxum gracile;phy;Myzozoa;Schiller, 1937
110102;Oxytoxum mediterraneum;phy;Myzozoa;Schiller
110115;Oxytoxum scolopax;phy;Myzozoa;Stein, 1883
110116;Oxytoxum sphaeroideum;phy;Myzozoa;Stein, 1883
109512;Palaeophalacroma;phy;Myzozoa;Schiller, 1928
233359;Palaeophalacroma unicinctum;phy;Myzozoa;J.Schiller, 1928
109447;Paulsenella;phy;Myzozoa;Chatton, 1920
109575;Paulsenella chaetoceratis;phy;Myzozoa;(Paulsen) Chatton
109576;Paulsenella kornmannii;phy;Myzozoa;Drebes & Schnepf
109577;Paulsenella vonstoschii;phy;Myzozoa;Drebes & Schnepf
109925;Pentapharsodinium dalei;phy;Myzozoa;Indelicato & Loeblich III, 1986
109543;Peridiniella;phy;Myzozoa;Kofoid & Michener, 1911
233369;Peridiniella danica;phy;Myzozoa;(Paulsen) Y.B.Okolodkov & J.D.Dodge, 1995
109549;Peridinium;phy;Myzozoa;Ehrenberg, 1830
110184;Peridinium dalei;phy;Myzozoa;(Indel. & Loeblich) Balech
1305343;Peridinium quadridentatum;phy;Myzozoa;(F.Stein) Gert Hansen, 1995
109466;Phalacroma;phy;Myzozoa;Stein, 1883
156505;Phalacroma rotundatum;phy;Myzozoa;(Claparéde & Lachmann) Kofoid & J.R.Michener, 1911
109896;Pheopolykrikos beauchampii;phy;Myzozoa;Chatton, 1933
109550;Podolampas;phy;Myzozoa;Stein, 1883
109485;Polykrikos;phy;Myzozoa;Bütschli, 1873
109899;Polykrikos kofoidii;phy;Myzozoa;Chatton, 1914
109900;Polykrikos lebourae;phy;Myzozoa;Herdman, 1923
109901;Polykrikos schwartzii;phy;Myzozoa;Bütschli, 1873
109505;Preperidinium;phy;Myzozoa;Mangin, 1913
614618;Preperidinium meunieri;phy;Myzozoa;(Pavillard) Elbrächter, 1993
109927;Preperidinium meunierii;phy;Myzozoa;(Pavillard, 1907) Elbrächter, 1993
233565;Preperidinium pseudo-oblea;phy;Myzozoa;(Elbrächter) Elbrächter, 1993
109487;Pronoctiluca;phy;Myzozoa;Fabre-Domergue, 1889
109903;Pronoctiluca pelagica;phy;Myzozoa;Fabre-Domergue, 1889
146173;Pronoctiluca phaeocysticola;phy;Myzozoa;(Scherffel) Pavillard, 1922
109904;Pronoctiluca spinifera;phy;Myzozoa;(Lohmann) Schiller, 1932
109566;Prorocentrum;phy;Myzozoa;Ehrenberg, 1834
110291;Prorocentrum aporum;phy;Myzozoa;(Schiller) Dodge, 1975
110293;Prorocentrum balticum;phy;Myzozoa;(Lohmann) Loeblich III, 1970
232376;Prorocentrum cordatum;phy;Myzozoa;(Ostenfeld) J.D.Dodge, 1975
110298;Prorocentrum dentatum;phy;Myzozoa;Stein, 1883
624457;Prorocentrum fukuyoi;phy;Myzozoa;Shauna Murray & Y.Nagahama, 2007
110300;Prorocentrum gracile;phy;Myzozoa;F.Schütt, 1895
110301;Prorocentrum lima;phy;Myzozoa;(Ehrenberg) F.Stein, 1878
110303;Prorocentrum micans;phy;Myzozoa;Ehrenberg, 1834
232323;Prorocentrum reticulatum;phy;Myzozoa;M.A.Faust, 1997
110311;Prorocentrum rostratum;phy;Myzozoa;F.Stein, 1883
110314;Prorocentrum scutellum;phy;Myzozoa;Schröder, 1900
110316;Prorocentrum triestinum;phy;Myzozoa;J.Schiller, 1918
231794;Proterythropsis;phy;Myzozoa;Kofoid & Swezy, 1920
109567;Protoceratium;phy;Myzozoa;Bergh, 1881
110321;Protoceratium reticulatum;phy;Myzozoa;(Claparède & Lachmann) Bütschli, 1885
663583;Protodinium simplex;phy;Myzozoa;Lohmann, 1908
109553;Protoperidinium;phy;Myzozoa;Bergh, 1881
110206;Protoperidinium avellana;phy;Myzozoa;(Meunier, 1919) Balech, 1974
110208;Protoperidinium bipes;phy;Myzozoa;(Paulsen, 1904) Balech, 1974
233466;Protoperidinium bispinum;phy;Myzozoa;(Schiller, 1937) Balech, 1974
110210;Protoperidinium brevipes;phy;Myzozoa;(Paulsen, 1908) Balech, 1974
233457;Protoperidinium bulla;phy;Myzozoa;(Meunier, 1910) Balech, 1974
162749;Protoperidinium cerasus;phy;Myzozoa;(Paulsen, 1907) Balech, 1973
163862;Protoperidinium claudicans;phy;Myzozoa;(Paulsen, 1907) Balech, 1974
233424;Protoperidinium compressum;phy;Myzozoa;(Abé) Balech, 1974
110212;Protoperidinium conicoides;phy;Myzozoa;(Paulsen) Balech, 1973
110213;Protoperidinium conicum;phy;Myzozoa;(Gran) Balech, 1974
110215;Protoperidinium curtipes;phy;Myzozoa;(Jørgensen, 1912) Balech, 1974
163934;Protoperidinium curvipes;phy;Myzozoa;(Ostenfeld) Balech, 1974
163429;Protoperidinium deficiens;phy;Myzozoa;(Meunier, 1919) Balech, 1974
110216;Protoperidinium denticulatum;phy;Myzozoa;(Gran & Braarud, 1935) Balech, 1974
110217;Protoperidinium depressum;phy;Myzozoa;(Bailey, 1854) Balech, 1974
172460;Protoperidinium diabolum;phy;Myzozoa;(Cleve, 1900) Balech, 1974
233363;Protoperidinium divaricatum;phy;Myzozoa;(Meunier) Parke & Dodge, 1976
110219;Protoperidinium divergens;phy;Myzozoa;(Ehrenberg) Balech, 1974
110220;Protoperidinium excentricum;phy;Myzozoa;(Paulsen, 1907) Balech, 1974
232921;Protoperidinium globulus;phy;Myzozoa;(Stein, 1883) Balech, 1974
110223;Protoperidinium granii;phy;Myzozoa;(Ostenfeld) Balech, 1974
110224;Protoperidinium groenlandicum;phy;Myzozoa;(Woloszynska, 1929) Balech
110228;Protoperidinium laticeps;phy;Myzozoa;(Grontved & Seidenfaden, 1938) Balech, 1974
233231;Protoperidinium latidorsale;phy;Myzozoa;(P.A.Dangeard) Balech, 1974
110229;Protoperidinium leonis;phy;Myzozoa;(Pavillard, 1916) Balech, 1974
233198;Protoperidinium longipes;phy;Myzozoa;Balech, 1974
614620;Protoperidinium marie-lebouriae;phy;Myzozoa;(Paulsen, 1931) Balech, 1974
110234;Protoperidinium mite;phy;Myzozoa;(Pavillard, 1916) Balech, 1974
110235;Protoperidinium monospinum;phy;Myzozoa;(Paulsen) K.A.F.Zonneveld & B.Dale, 1994
110237;Protoperidinium nudum;phy;Myzozoa;(Meunier, 1919) Balech, 1974
110238;Protoperidinium oblongum;phy;Myzozoa;(Aurivillius) Parke & Dodge, 1976
110239;Protoperidinium obtusum;phy;Myzozoa;(Karsten) Parke & J.D.Dodge, 1976
110240;Protoperidinium oceanicum;phy;Myzozoa;(VanHöffen, 1897) Balech, 1974
110241;Protoperidinium ovatum;phy;Myzozoa;Pouchet, 1883
110244;Protoperidinium pallidum;phy;Myzozoa;(Ostenfeld, 1899) Balech, 1973
233050;Protoperidinium parthenopes;phy;Myzozoa;A.Zingone & M.Montresor, 1988
110245;Protoperidinium pellucidum;phy;Myzozoa;Bergh, 1881
110247;Protoperidinium pentagonum;phy;Myzozoa;(Gran, 1902) Balech, 1974
110248;Protoperidinium punctulatum;phy;Myzozoa;(Paulsen, 1907) Balech, 1974
110249;Protoperidinium pyriforme;phy;Myzozoa;(Paulsen, 1905) Balech, 1974
110250;Protoperidinium quarnerense;phy;Myzozoa;(B.Schröder, 1900) Balech, 1974
232974;Protoperidinium robustum;phy;Myzozoa;(Meunier) Hernández-Becerril, 1991
110251;Protoperidinium saltans;phy;Myzozoa;(Meunier, 1910) Balech, 1973
232935;Protoperidinium solidicorne;phy;Myzozoa;(Mangin, 1926) Balech, 1974
110257;Protoperidinium steinii;phy;Myzozoa;(Jørgensen, 1899) Balech, 1974
110258;Protoperidinium subcurvipes;phy;Myzozoa;(Lebour, 1923) Balech, 1974
110259;Protoperidinium subinerme;phy;Myzozoa;(Paulsen) Loeblich III, 1969
110260;Protoperidinium thorianum;phy;Myzozoa;(Paulsen, 1905) Balech, 1974
232861;Protoperidinium thulesense;phy;Myzozoa;(Balech) Balech, 1974
232733;Protoperidinium yserense;phy;Myzozoa;(Meunier, 1919) Balech, 1974
109458;Pseliodinium;phy;Myzozoa;Sournia, 1972
109888;Ptychodiscus noctiluca;phy;Myzozoa;Stein, 1883
109571;Pyrocystis;phy;Myzozoa;J.Murray ex Haeckel, 1890
232259;Pyrocystis hamulus;phy;Myzozoa;Cleve, 1900
164053;Pyrocystis lunula;phy;Myzozoa;(Schütt) Schütt, 1896
110332;Pyrocystis noctiluca;phy;Myzozoa;Murray ex Haeckel, 1890
109555;Pyrophacus;phy;Myzozoa;Stein, 1883
232598;Pyrophacus horologium;phy;Myzozoa;F.Stein, 1883
109531;Sabulodinium;phy;Myzozoa;R.D.Saunders & J.D.Dodge, 1984
110127;Sabulodinium undulatum;phy;Myzozoa;R.D.Saunders & J.D.Dodge, 1984
615516;Sclerodinium calyptroglyphe;phy;Myzozoa;(Lebour) J.D.Dodge, 1981
109545;Scrippsiella;phy;Myzozoa;Balech ex A.R.Loeblich III, 1965
1321853;Scrippsiella acuminata;phy;Myzozoa;(Ehrenberg) Kretschmann, Elbrächter, Zinssmeister, S.Soehner, Kirsch, Kusber & Gottschling, 2015
110167;Scrippsiella crystallina;phy;Myzozoa;J.Lewis, 1991
110168;Scrippsiella lachrymosa;phy;Myzozoa;J.Lewis, 1991
110169;Scrippsiella minima;phy;Myzozoa;Gao & Dodge, 1991
110170;Scrippsiella rotundata;phy;Myzozoa;Lewis
110175;Scrippsiella spinifera;phy;Myzozoa;G.Honsell & M.Cabrini, 1991
110171;Scrippsiella trifida;phy;Myzozoa;J.Lewis, 1991
110172;Scrippsiella trochoidea;phy;Myzozoa;(F.Stein) A.R.Loeblich III, 1976
109467;Sinophysis;phy;Myzozoa;Nie & C.Wang, 1944
663187;Sinophysis ebriola;phy;Myzozoa;(Herdman) Balech, 1956
232532;Sinophysis stenosoma;phy;Myzozoa;Hoppenrath, 2000
109502;Spatulodinium;phy;Myzozoa;J.Cachon & M.Cachon, 1976
109923;Spatulodinium pseudonoctiluca;phy;Myzozoa;(Pouchet) J.Cachon & M.Cachon, 1968
1380403;Speroidium fungiforme;phy;Myzozoa;(Anisimova) Moestrup & Calado, 2018
110283;Syltodinium listii;phy;Myzozoa;G.Drebes
619839;Takayama acrotrocha;phy;Myzozoa;(J.Larsen) Salas, Bolch & Hallegraeff, 2003
838757;Testudodinium testudo;phy;Myzozoa;(Herdman) Horiguchi, Tamura, Katsumata & A.Yamaguchi, 2012
602809;Thaurilens;phy;Myzozoa;Pavillard, 1917
618564;Thaurilens denticulata;phy;Myzozoa;Pavillard, 1917
109557;Thecadinium;phy;Myzozoa;Kofoid & Skogsberg, 1928
110273;Thecadinium kofoidii;phy;Myzozoa;(Herdman) J.Schiller, 1931
376565;Thecadinium yashimaense;phy;Myzozoa;S.Yoshimatsu, S.Toriumi & J.D.Dodge, 2004
109558;Thoracosphaera;phy;Myzozoa;Kamptner, 1927
110277;Thoracosphaera heimii;phy;Myzozoa;(Lohmann) Kamptner, 1944
555294;Togula britannica;phy;Myzozoa;(Herdman) Flø Jørgensen, Shauna Murray & Daugbjerg, 2004
109479;Torodinium;phy;Myzozoa;Kofoid & Swezy, 1921
109889;Torodinium robustum;phy;Myzozoa;Kofoid & Swezy, 1921
109890;Torodinium teredo;phy;Myzozoa;(Pouchet) Kofoid & Swezy, 1921
196828;Triadinium polyedricum;phy;Myzozoa;(Pouchet) Dodge, 1981
494057;Tripos;phy;Myzozoa;Bory de Saint-Vincent, 1823
841182;Tripos arietinus;phy;Myzozoa;(Cleve) F.Gómez, 2013
837310;Tripos azoricus;phy;Myzozoa;(Cleve) F.Gómez, 2013
841184;Tripos belone;phy;Myzozoa;(Cleve) F.Gómez, 2013
841190;Tripos bucephalus;phy;Myzozoa;(Cleve) F.Gómez, 2013
841191;Tripos buceros;phy;Myzozoa;(Zacharias) F.Gómez, 2013
841193;Tripos candelabrum;phy;Myzozoa;(Ehrenberg) F.Gómez, 2013
837448;Tripos carriensis;phy;Myzozoa;(Gourret) F.Gómez, 2013
841199;Tripos compressus;phy;Myzozoa;(Gran) F.Gómez, 2013
841198;Tripos concilians;phy;Myzozoa;(Jørgenen) F.Gómez, 2013
841200;Tripos contortus;phy;Myzozoa;(Gourret) F.Gómez, 2013
841202;Tripos declinatus;phy;Myzozoa;(G.Karsten) F.Gómez, 2013
837221;Tripos falcatiformis;phy;Myzozoa;(Jörgenen) F.Gómez, 2013
840627;Tripos furca;phy;Myzozoa;(Ehrenberg) F.Gómez, 2013
840626;Tripos fusus;phy;Myzozoa;(Ehrenberg) F.Gómez, 2013
837453;Tripos horridus;phy;Myzozoa;(Cleve) F.Gómez, 2013
837455;Tripos inflatus;phy;Myzozoa;(Kofoid) F.Gómez, 2013
841256;Tripos karstenii;phy;Myzozoa;(Pavillard) F.Gómez, 1907
837456;Tripos kofoidii;phy;Myzozoa;(Jörgenen) F.Gómez, 2013
841258;Tripos limulus;phy;Myzozoa;(Pouchet) F.Gómez, 2013
837459;Tripos lineatus;phy;Myzozoa;(Ehrenberg) F.Gómez, 2013
841259;Tripos longipes;phy;Myzozoa;(Bailey) F.Gómez, 2013
837227;Tripos longirostrus;phy;Myzozoa;(Gourret) F.Gómez, 2013
837229;Tripos lunula;phy;Myzozoa;(Schimper ex Karsten) F.Gómez, 2013
841260;Tripos macroceros;phy;Myzozoa;(Ehrenberg) F.Gómez, 2013
841261;Tripos massiliensis;phy;Myzozoa;(Gourret) F.Gómez, 2013
841263;Tripos minutus;phy;Myzozoa;(Jörgensen) F.Gómez, 2013
495363;Tripos muelleri;phy;Myzozoa;Bory de Saint-Vincent, 1824
841746;Tripos pentagonus;phy;Myzozoa;(Gourret) F.Gómez, 2013
841751;Tripos pulchellus;phy;Myzozoa;(Schröder) F.Gómez, 2013
837234;Tripos ranipes;phy;Myzozoa;(Cleve) F.Gómez, 2013
837446;Tripos setaceus;phy;Myzozoa;(Jørgesen) F.Gómez, 2013
1381154;Tripos teres;phy;Myzozoa;(Kofoid) F.Gómez, 2013
842517;Tripos trichoceros;phy;Myzozoa;(Ehrenberg) Gómez, 2013
838205;Tripos vultur;phy;Myzozoa;(Cleve) F.Gómez, 2013
109491;Warnowia;phy;Myzozoa;Lindemann, 1928
233144;Warnowia polyphemus;phy;Myzozoa;(Pouchet) J.Schiller, 1933
109492;Woloszynskia;phy;Myzozoa;R.H.Thompson, 1951
118014;Ebria;phy;NA;Borgert, 1891
118051;Ebria tripartita;phy;NA;(J.Schumann) Lemmermann, 1899
149191;Achnanthes;phy;Ochrophyta;Bory, 1822
149387;Achnanthes brevipes;phy;Ochrophyta;C.Agardh, 1824
156533;Achnanthes longipes;phy;Ochrophyta;C.Agardh, 1824
148944;Actinocyclus;phy;Ochrophyta;C.G. Ehrenberg, 1837
179603;Actinocyclus cholnokyi;phy;Ochrophyta;VanLandingham, 1967
345847;Actinocyclus curvatulus;phy;Ochrophyta;Janisch, 1874
149649;Actinocyclus kützingii;phy;Ochrophyta;(A.Schmidt) Simonsen
148945;Actinocyclus normanii;phy;Ochrophyta;(Gregory) Hustedt, 1957
162770;Actinocyclus octonarius var. octonarius;phy;Ochrophyta;Ehrenberg, 1837
162810;Actinocyclus senarius;phy;Ochrophyta;Ehrenberg, 1838
369319;Actinomonas;phy;Ochrophyta;Kent, 1880
148947;Actinoptychus;phy;Ochrophyta;C.G. Ehrenberg, 1843
149163;Actinoptychus octonarius;phy;Ochrophyta;(Ehrenberg) Kützing, 1844
148948;Actinoptychus senarius;phy;Ochrophyta;(Ehrenberg) Ehrenberg, 1843
148949;Actinoptychus splendens;phy;Ochrophyta;(Shadbolt) Ralfs ex Pritchard, 1861
418535;Actinoptychus taeniatus;phy;Ochrophyta;Hustedt, 1955
149140;Amphiprora;phy;Ochrophyta;C.G. Ehrenberg, 1843
179174;Amphiprora hyperborea;phy;Ochrophyta;Grunow, 1880
983277;Amphiprora lepidoptera f. lepidoptera;phy;Ochrophyta;Gregory, 1857
578002;Amphitetras;phy;Ochrophyta;C.G. Ehrenberg, 1840
615550;Amphitetras antediluviana;phy;Ochrophyta;Ehrenberg, 1840
149200;Amphora;phy;Ochrophyta;C.G. Ehrenberg ex F.T. Kützing, 1844
149528;Amphora arenaria;phy;Ochrophyta;Donkin, 1858
149530;Amphora laevis;phy;Ochrophyta;Gregory, 1857
969098;Amphora laevissima var. perminuta;phy;Ochrophyta;Grunow in Van Heurck
162244;Anorthoneis excentrica;phy;Ochrophyta;(Donkin) Grunow, 1870
248096;Apedinella;phy;Ochrophyta;Throndsen, 1971
248097;Apedinella radians;phy;Ochrophyta;(Lohmann) P.H.Campbell, 1973
148953;Asterionella;phy;Ochrophyta;A.H. Hassall, 1850
163737;Asterionella bleakeleyi var. notata;phy;Ochrophyta;Grunow, 1867
148954;Asterionella formosa;phy;Ochrophyta;Hassall, 1850
176362;Asterionella frauenfeldii;phy;Ochrophyta;Grunow, 1863
148955;Asterionella glacialis;phy;Ochrophyta;Castracane, 1886
149220;Asterionella japonica;phy;Ochrophyta;Cleve, 1882
148956;Asterionella kariana;phy;Ochrophyta;Grunow, 1880
149138;Asterionellopsis;phy;Ochrophyta;F.E. Round in F.E. Round, R.M. Crawford & D.G. Mann, 1990
162254;Asteromphalus;phy;Ochrophyta;C.G. Ehrenberg, 1844
160519;Attheya;phy;Ochrophyta;T. West, 1860
612103;Attheya arenicola;phy;Ochrophyta;C.Gardner & R.M.Crawford, 1994
160520;Attheya decora;phy;Ochrophyta;T.West, 1860
464444;Attheya longicornis;phy;Ochrophyta;R.M.Crawford & C.Gardner, 1994
162823;Attheya septentrionalis;phy;Ochrophyta;(Østrup) R.M.Crawford, 1994
149279;Aulacodiscus;phy;Ochrophyta;C.G. Ehrenberg, 1844
148959;Aulacoseira;phy;Ochrophyta;G.H.K. Thwaites, 1848
148961;Aulacoseira granulata;phy;Ochrophyta;(Ehrenberg) Simonsen, 1979
149281;Auliscus;phy;Ochrophyta;C.G. Ehrenberg, 1843
149148;Bacillaria;phy;Ochrophyta;J.F. Gmelin, 1788
149118;Bacteriastrum;phy;Ochrophyta;G. Shadbolt, 1854
164108;Bacteriastrum delicatulum;phy;Ochrophyta;Cleve, 1897
164110;Bacteriastrum furcatum;phy;Ochrophyta;Shadbolt, 1854
149119;Bacteriastrum hyalinum;phy;Ochrophyta;Lauder, 1864
1307640;Bacterosira constricta;phy;Ochrophyta;(Gaarder, 1938) J.S. Park & J.H. Lee, 2016
624205;Battersia plumigera;phy;Ochrophyta;(Holmes ex Hauck) Draisma, Prud'homme & H. Kawai, 2010
149305;Bellerochea;phy;Ochrophyta;H. Van Heurck, 1885
447730;Bellerochea horologicalis;phy;Ochrophyta;Stosch, 1980
149306;Bellerochea malleus;phy;Ochrophyta;(Brightwell) Van Heurck, 1885
671777;Bellerochea malleus var. biangulata;phy;Ochrophyta;H.Peragallo & M.Peragallo, 1908
464448;Bellerochea polymorpha;phy;Ochrophyta;Hargraves & Guillard, 1974
156953;Berkeleya;phy;Ochrophyta;R.K. Greville, 1827
156955;Berkeleya rutilans;phy;Ochrophyta;(Trentepohl ex Roth) Grunow, 1880
148967;Biddulphia;phy;Ochrophyta;S.F. Gray, 1821
149656;Biddulphia antediluviana;phy;Ochrophyta;(Ehrenberg) Van Heurck, 1885
149324;Biddulphia rhombus;phy;Ochrophyta;(Ehrenberg) W.Smith, 1854
149325;Biddulphia rhombus subsp. trigona;phy;Ochrophyta;Cleve ex Van Heurck, 1882
671778;Biddulphia rhombus var. trigona;phy;Ochrophyta;Cleve ex Van Heurck, 1882
969228;Biddulphia rostrata var. rostrata;phy;Ochrophyta;Hustedt, 1939
148969;Biddulphia sinensis;phy;Ochrophyta;Greville, 1866
162953;Biddulphia subaequa;phy;Ochrophyta;(Kützing) J.Ralfs, 1861
465381;Biddulphia weissflogii;phy;Ochrophyta;Grunow, 1882
418405;Biremis ambigua;phy;Ochrophyta;(Cleve) D.G.Mann, 1990
149136;Brockmanniella;phy;Ochrophyta;G.R. Hasle, H.A. von Stosch & E.E. Syvertsen, 1983
149137;Brockmanniella brockmannii;phy;Ochrophyta;(Hustedt) Hasle, Stosch & Syvertsen, 1983
160548;Calycomonas;phy;Ochrophyta;Lohmann, 1908
149616;Campylodiscus;phy;Ochrophyta;C.G. Ehrenberg ex F.T. Kützing, 1844
156599;Campylodiscus fastuosus;phy;Ochrophyta;Ehrenberg, 1845
178050;Campylodiscus innominatus;phy;Ochrophyta;R.Ross & Abdin, 1949
178059;Campyloneis;phy;Ochrophyta;A. Grunow, 1862
149357;Campylosira cymbelliformis;phy;Ochrophyta;(A.Schmidt) Grunow ex Van Heurck, 1885
626342;Carinasigma rectum;phy;Ochrophyta;(Donkin) G.Reid, 2012
163839;Catenula adhaerens;phy;Ochrophyta;(Mereschkowsky) Mereschkowsky, 1903
149236;Cerataulina;phy;Ochrophyta;H. Peragallo ex F. Schütt in Engler & Prantl, 1896
961694;Cerataulina bergonii;phy;Ochrophyta;Ostenfeld, 1903
149619;Cerataulina pelagica;phy;Ochrophyta;(Cleve) Hendey, 1937
1322477;Cerataulus granulata;phy;Ochrophyta;(Roper) P.A. Sims & D.M. Williams, 2018
178126;Cerataulus radiatus;phy;Ochrophyta;R.Ross, 1986
149329;Cerataulus smithii;phy;Ochrophyta;Ralfs ex Pritchard, 1861
628227;Cerataulus turgidus;phy;Ochrophyta;Ehrenberg
163932;Ceratoneis closterium;phy;Ochrophyta;Ehrenberg, 1839
172535;Ceratoneis fasciola;phy;Ochrophyta;Ehrenberg, 1839
163938;Ceratoneis gracilis;phy;Ochrophyta;Brébisson ex Kützing, 1849
148985;Chaetoceros;phy;Ochrophyta;C.G. Ehrenberg, 1844
370366;Chaetoceros (Hyalochaete);phy;Ochrophyta;NA
370367;Chaetoceros (Phaeoceros);phy;Ochrophyta;Gran
149241;Chaetoceros affinis;phy;Ochrophyta;Lauder, 1864
149292;Chaetoceros anastomosans;phy;Ochrophyta;Grunow, 1882
149299;Chaetoceros armatus;phy;Ochrophyta;T.West, 1860
149288;Chaetoceros atlanticus;phy;Ochrophyta;Cleve, 1873
149124;Chaetoceros borealis;phy;Ochrophyta;Bailey, 1854
149291;Chaetoceros brevis;phy;Ochrophyta;F.Schütt, 1895
980583;Chaetoceros bulbosum;phy;Ochrophyta;NA
149297;Chaetoceros ceratosporus;phy;Ochrophyta;Ostenfeld, 1910
163018;Chaetoceros ceratosporus var. brachysetus;phy;Ochrophyta;Rines & Hargraves, 1986
149622;Chaetoceros cinctus;phy;Ochrophyta;Gran, 1897
163019;Chaetoceros circinalis;phy;Ochrophyta;(Meunier) K.G. Jensen & Moestrup, 1998
149129;Chaetoceros compressus;phy;Ochrophyta;Lauder, 1864
156607;Chaetoceros concavicornis;phy;Ochrophyta;Mangin, 1917
156609;Chaetoceros constrictus;phy;Ochrophyta;Gran, 1897
149623;Chaetoceros contortus;phy;Ochrophyta;Schütt, 1895
156611;Chaetoceros convolutus;phy;Ochrophyta;Castracane, 1886
163026;Chaetoceros coronatus;phy;Ochrophyta;Gran, 1897
149289;Chaetoceros costatus;phy;Ochrophyta;Pavillard, 1911
149171;Chaetoceros crinitus;phy;Ochrophyta;F.Schütt, 1895
149221;Chaetoceros curvisetus;phy;Ochrophyta;Cleve, 1889
149120;Chaetoceros danicus;phy;Ochrophyta;Cleve, 1889
149219;Chaetoceros debilis;phy;Ochrophyta;Cleve, 1894
149126;Chaetoceros decipiens;phy;Ochrophyta;Cleve, 1873
149121;Chaetoceros densus;phy;Ochrophyta;(Cleve) Cleve, 1899
178215;Chaetoceros dichaeta;phy;Ochrophyta;Ehrenberg, 1844
149122;Chaetoceros didymus;phy;Ochrophyta;Ehrenberg, 1845
163056;Chaetoceros difficilis;phy;Ochrophyta;Cleve, 1900
157431;Chaetoceros diversus;phy;Ochrophyta;Cleve, 1873
160521;Chaetoceros eibenii;phy;Ochrophyta;Grunow, 1882
160522;Chaetoceros externus;phy;Ochrophyta;Gran, 1897
178194;Chaetoceros filiformis;phy;Ochrophyta;Meunier, 1910
149173;Chaetoceros fragilis;phy;Ochrophyta;Meunier, 1910
465524;Chaetoceros gracilis;phy;Ochrophyta;Pantocsek, 1892
163063;Chaetoceros holsaticus;phy;Ochrophyta;F.Schütt, 1895
156615;Chaetoceros karianus;phy;Ochrophyta;Grunow, 1880
149228;Chaetoceros laciniosus;phy;Ochrophyta;F.Schütt, 1895
160523;Chaetoceros lauderi;phy;Ochrophyta;Ralfs, 1864
156617;Chaetoceros lorenzianus;phy;Ochrophyta;Grunow, 1863
163098;Chaetoceros muelleri;phy;Ochrophyta;Lemmermann, 1898
418510;Chaetoceros neogracile;phy;Ochrophyta;S.L.VanLandingham, 1968
156619;Chaetoceros perpusillus;phy;Ochrophyta;Cleve, 1897
178185;Chaetoceros peruvianus;phy;Ochrophyta;Brightwell, 1856
163055;Chaetoceros protuberans;phy;Ochrophyta;Lauder, 1864
149222;Chaetoceros pseudocrinitus;phy;Ochrophyta;Ostenfeld, 1901
178229;Chaetoceros pseudocurvisetus;phy;Ochrophyta;Mangin, 1910
149293;Chaetoceros radians;phy;Ochrophyta;F.Schütt, 1895
163112;Chaetoceros radicans;phy;Ochrophyta;F.Schütt, 1895
178201;Chaetoceros rostratus;phy;Ochrophyta;Ralfs, 1864
163118;Chaetoceros seiracanthus;phy;Ochrophyta;Gran, 1897
962003;Chaetoceros septentrionalis;phy;Ochrophyta;Cleve, 1896
149127;Chaetoceros similis;phy;Ochrophyta;Cleve, 1896
149294;Chaetoceros simplex;phy;Ochrophyta;Ostenfeld, 1902
163015;Chaetoceros simplex var. calcitrans;phy;Ochrophyta;Paulsen, 1905
149123;Chaetoceros socialis;phy;Ochrophyta;H.S.Lauder, 1864
156621;Chaetoceros subtilis;phy;Ochrophyta;Cleve, 1896
156623;Chaetoceros tenuissimus;phy;Ochrophyta;Meunier, 1913
149125;Chaetoceros teres;phy;Ochrophyta;Cleve, 1896
163161;Chaetoceros tortissimus;phy;Ochrophyta;Gran, 1900
160524;Chaetoceros wighamii;phy;Ochrophyta;Brightwell, 1856
156625;Chaetoceros willei;phy;Ochrophyta;Gran, 1897
233776;Chattonella;phy;Ochrophyta;B.Biecheler, 1936
233778;Chattonella antiqua;phy;Ochrophyta;(Y.Hada) C.Ono, 1980
233780;Chattonella marina;phy;Ochrophyta;(Subrahmanyan) Hara & Chihara, 1982
249689;Chromulina;phy;Ochrophyta;L.Cienkowsky, 1870
248110;Chrysococcus;phy;Ochrophyta;Klebs, 1892
369492;Ciliophrys;phy;Ochrophyta;Cienkowski, 1876
196804;Climacodium frauenfeldianum;phy;Ochrophyta;Grunow, 1868
148989;Cocconeis;phy;Ochrophyta;C.G. Ehrenberg, 1837
163856;Cocconeis costata;phy;Ochrophyta;Gregory, 1855
179573;Cocconeis pseudomarginata;phy;Ochrophyta;Gregory, 1857
149376;Cocconeis scutellum;phy;Ochrophyta;Ehrenberg, 1838
149109;Corethron;phy;Ochrophyta;A.F. Castracane, 1886
149110;Corethron criophilum;phy;Ochrophyta;Castracane, 1886
179596;Corethron hystrix;phy;Ochrophyta;Hensen, 1887
341496;Corethron pennatum;phy;Ochrophyta;(Grunow) Ostenfeld, 1909
450729;Coscinodiscopsis commutata;phy;Ochrophyta;(Grunow) E.A.Sar & I.Sunesen, 2008
450730;Coscinodiscopsis jonesiana;phy;Ochrophyta;(Greville) E.A.Sar & I.Sunesen, 2008
148917;Coscinodiscus;phy;Ochrophyta;C.G. Ehrenberg, 1839
969435;Coscinodiscus angstii var. angstii;phy;Ochrophyta;Gran in Gran & Angst, 1931
964359;Coscinodiscus angustelineatus;phy;Ochrophyta;Schmidt in Schmidt et al., 1878
149274;Coscinodiscus asteromphalus;phy;Ochrophyta;Ehrenberg, 1844
149159;Coscinodiscus centralis;phy;Ochrophyta;Ehrenberg, 1844
148991;Coscinodiscus commutatus;phy;Ochrophyta;Grunow, 1884
148992;Coscinodiscus concinnus;phy;Ochrophyta;W.Smith, 1856
149266;Coscinodiscus curvatulus;phy;Ochrophyta;Grunow ex A.Schmidt, 1878
149271;Coscinodiscus granii;phy;Ochrophyta;Gough, 1905
156629;Coscinodiscus marginatus;phy;Ochrophyta;Ehrenberg, 1844
984031;Coscinodiscus nitidus f. nitidus;phy;Ochrophyta;Gregory, 1857
148930;Coscinodiscus nodulolineatus;phy;Ochrophyta;Hendey, 1958
341484;Coscinodiscus oculus-iridis;phy;Ochrophyta;(Ehrenberg) Ehrenberg, 1840
149307;Coscinodiscus pavillardii;phy;Ochrophyta;Forti, 1922
149272;Coscinodiscus perforatus;phy;Ochrophyta;Ehrenberg, 1844
179616;Coscinodiscus perforatus var. pavillardii;phy;Ochrophyta;(Forti) Hust., 1928
163451;Coscinodiscus polychordus;phy;Ochrophyta;Gran, 1897
149158;Coscinodiscus radiatus;phy;Ochrophyta;Ehrenberg, 1840
162761;Coscinodiscus rothii;phy;Ochrophyta;(Ehrenberg) Grunow
573437;Coscinodiscus sol;phy;Ochrophyta;C.G.Wallich, 1860
156632;Coscinodiscus wailesii;phy;Ochrophyta;Gran & Angst, 1931
148905;Cyclotella;phy;Ochrophyta;(F.T. Kützing) A. de Brébisson, 1838
163196;Cyclotella caspia;phy;Ochrophyta;Grunow, 1878
148908;Cyclotella choctawhatcheeana;phy;Ochrophyta;Prasad, 1990
148906;Cyclotella scaldensis;phy;Ochrophyta;Muylaert & Sabbe, 1996
149003;Cylindrotheca;phy;Ochrophyta;L. Rabenhorst, 1859
149004;Cylindrotheca closterium;phy;Ochrophyta;(Ehrenberg) Reimann & J.C.Lewin, 1964
149570;Cylindrotheca gracilis;phy;Ochrophyta;(Brébisson ex Kützing) Grunow, 1882
149011;Cymatosira;phy;Ochrophyta;A. Grunow, 1862
149012;Cymatosira belgica;phy;Ochrophyta;Grunow, 1881
179688;Cymatosira lorenziana;phy;Ochrophyta;Grunow, 1862
149538;Cymbella;phy;Ochrophyta;C.A. Agardh, 1830
149309;Dactyliosolen;phy;Ochrophyta;A.F. Castracane, 1886
179785;Dactyliosolen antarcticus;phy;Ochrophyta;Castracane, 1886
149310;Dactyliosolen fragilissimus;phy;Ochrophyta;(Bergon) Hasle, 1996
149179;Delphineis;phy;Ochrophyta;G.W. Andrews, 1977
149180;Delphineis surirella;phy;Ochrophyta;(Ehrenberg) G.W.Andrews, 1981
162983;Denticella turgida;phy;Ochrophyta;Ehrenberg, 1840
149285;Detonula;phy;Ochrophyta;F. Schütt ex G.B. De Toni, 1894
149013;Diatoma;phy;Ochrophyta;J.B.M. Bory de Saint-Vincent, 1824
157258;Dictyocha;phy;Ochrophyta;Ehrenberg, 1837
375788;Dictyocha crux;phy;Ochrophyta;Ehrenberg, 1840
157463;Dictyocha fibula;phy;Ochrophyta;Ehrenberg, 1839
164021;Didymosphenia;phy;Ochrophyta;M. Schmidt in A. Schmidt et al., 1899
163233;Dimeregramma;phy;Ochrophyta;J. Ralfs in A. Pritchard, 1861
179830;Dimeregramma fulvum;phy;Ochrophyta;(Gregory) Ralfs in Pritchard, 1861
163234;Dimeregramma minor;phy;Ochrophyta;(Gregory) Ralfs in Pritchard, 1861
157240;Dinobryon;phy;Ochrophyta;Ehrenberg, 1834
160552;Dinobryon balticum;phy;Ochrophyta;(Schütt) Lemmermann, 1901
160553;Dinobryon faculiferum;phy;Ochrophyta;(Willén) Willén, 1992
149018;Diploneis;phy;Ochrophyta;(C. G. Ehrenberg) P.T. Cleve, 1894
149194;Diploneis bombus;phy;Ochrophyta;(Ehrenberg) Ehrenberg, 1853
164085;Diploneis stroemii;phy;Ochrophyta;Hustedt, 1937
149022;Ditylum;phy;Ochrophyta;J.W. Bailey ex L.W. Bailey, 1861
149023;Ditylum brightwellii;phy;Ochrophyta;(T.West) Grunow, 1885
149510;Donkinia;phy;Ochrophyta;J. Ralfs in A. Pritchard, 1861
179990;Druridgea compressa;phy;Ochrophyta;(T.West) Hustedt, 1928
156598;Entomoneis;phy;Ochrophyta;Ehrenberg, 1845
163646;Entomoneis paludosa;phy;Ochrophyta;(W.Smith) Reimer, 1975
341375;Entomoneis paludosa var. hyperborea;phy;Ochrophyta;(Grunow) Poulin & Cardinal, 1983
148941;Ethmodiscus punctiger;phy;Ochrophyta;Castracane, 1886
149130;Eucampia;phy;Ochrophyta;C.G. Ehrenberg, 1839
157430;Eucampia groenlandica;phy;Ochrophyta;Cleve, 1896
163243;Eucampia striata;phy;Ochrophyta;Stolterfoth, 1879
149131;Eucampia zodiacus;phy;Ochrophyta;Ehrenberg, 1839
160527;Eunotogramma;phy;Ochrophyta;J.F. Weisse, 1854
345464;Eunotogramma dubium;phy;Ochrophyta;Hustedt, 1939
162772;Eupodiscus crassus;phy;Ochrophyta;W.Smith, 1853
979620;Eupodiscus ralfsii var. ralfsii;phy;Ochrophyta;W. Smith, 1856
179160;Eupodiscus roperi;phy;Ochrophyta;Brébisson, 1870
179377;Eupodiscus sculptus;phy;Ochrophyta;W.Smith, 1853
163388;Eupodiscus tesselatus;phy;Ochrophyta;Roper, 1858
345472;Extubocellulus;phy;Ochrophyta;G.R. Hasle, H.A. von Stosch & E.E. Syvertsen, 1983
172375;Fallacia;phy;Ochrophyta;A.J. Stickle & D.G. Mann in F.E. Round, R.M. Crawford & D.G. Mann, 1990
233759;Fibrocapsa;phy;Ochrophyta;S.Toriumi & H.Takano, 1973
233761;Fibrocapsa japonica;phy;Ochrophyta;S.Toriumi & H.Takano, 1973
149028;Fragilaria;phy;Ochrophyta;H.C. Lyngbye, 1819
149239;Fragilaria islandica;phy;Ochrophyta;Grunow ex Van Heurck, 1881
345475;Fragilaria oblonga;phy;Ochrophyta;Drebes & Schulz, 1990
573470;Fragilaria unipunctata;phy;Ochrophyta;Lyngbye, 1819
149313;Fragilariopsis;phy;Ochrophyta;F. Hustedt in A. Schmidt et al., 1913
149354;Glyphodesmis;phy;Ochrophyta;R.K. Greville, 1862
600926;Goniochloris;phy;Ochrophyta;Geitler, 1928
149335;Grammatophora;phy;Ochrophyta;C.G. Ehrenberg, 1840
149336;Grammatophora angulosa;phy;Ochrophyta;Ehrenberg, 1841
149338;Grammatophora marina;phy;Ochrophyta;(Lyngbye) Kützing, 1844
149339;Grammatophora oceanica;phy;Ochrophyta;Ehrenberg, 1840
149340;Grammatophora serpentina;phy;Ochrophyta;Ehrenberg, 1844
149111;Guinardia;phy;Ochrophyta;H. Peragallo, 1892
975336;Guinardia blavyana var. blavyana;phy;Ochrophyta;H. Peragallo, 1892
149033;Gyrosigma;phy;Ochrophyta;A.H. Hassall, 1845
149493;Gyrosigma balticum;phy;Ochrophyta;(Ehrenberg) Rabenhorst, 1853
627731;Gyrosigma diminutum;phy;Ochrophyta;(W.Smith) Cleve
624065;Halamphora coffeaeformis;phy;Ochrophyta;(C.Agardh) Levkov, 2009
145906;Halopteris filicina;phy;Ochrophyta;(Grateloup) Kützing, 1843
182742;Halopteris scoparia;phy;Ochrophyta;(Linnaeus) Sauvageau, 1904
149571;Hantzschia;phy;Ochrophyta;A. Grunow, 1877
149210;Haslea;phy;Ochrophyta;R. Simonsen, 1974
573933;Helicopedinella tricostata;phy;Ochrophyta;(Roukhiyajnen) Sekiguchi, Kawachi, Nakayama & Inouye, 2003
157438;Helicotheca;phy;Ochrophyta;M. Ricard, 1987
157440;Helicotheca tamesis;phy;Ochrophyta;(Shrubsole) M.Ricard, 1987
163248;Hemiaulus;phy;Ochrophyta;P.A.C. Heiberg, 1863
180367;Hemidiscus cuneiformis;phy;Ochrophyta;Wallich, 1860
160584;Heterosigma;phy;Ochrophyta;Y.Hada ex Y.Hara & M.Chihara, 1987
160585;Heterosigma akashiwo;phy;Ochrophyta;(Y.Hada) Y.Hada ex Y.Hara & M.Chihara, 1987
180186;Himantidium marinum;phy;Ochrophyta;W.Smith, 1857
1322468;Hobaniella longicruris;phy;Ochrophyta;(Greville) P.A. Sims & D.M. Williams in Sims et al., 2018
163257;Isthmia;phy;Ochrophyta;C.A. Agardh, 1832
149134;Lauderia;phy;Ochrophyta;P.T. Cleve, 1873
149135;Lauderia annulata;phy;Ochrophyta;Cleve, 1873
149233;Lauderia borealis;phy;Ochrophyta;Gran, 1900
163224;Lauderia confervacea;phy;Ochrophyta;Cleve, 1896
162933;Lauderia fragilis;phy;Ochrophyta;Gran, 1897
163261;Lauderia mediterranea;phy;Ochrophyta;H.Peragallo, 1888
163226;Lauderia pumila;phy;Ochrophyta;Castracane, 1886
450723;Lennoxia;phy;Ochrophyta;H.A.Thomsen & K.R. Buck in Thomsen, H.A., Buck, K.R., Marino, D., Sarno, D., Hansen, L.E., Østergaard, J.B. & Krupp, J., 1993
549205;Lennoxia faveolata;phy;Ochrophyta;H.A.Thomsen & K.R.Buck, 1993
149038;Leptocylindrus;phy;Ochrophyta;P.T. Cleve in C.G.J. Petersen, 1889
149106;Leptocylindrus danicus;phy;Ochrophyta;Cleve, 1889
149039;Leptocylindrus minimus;phy;Ochrophyta;Gran, 1915
149342;Licmophora;phy;Ochrophyta;C.A. Agardh, 1827
149343;Licmophora gracilis;phy;Ochrophyta;(Ehrenberg) Grunow, 1867
292726;Lioloma;phy;Ochrophyta;Hasle, 1997
149321;Lithodesmium;phy;Ochrophyta;C.G. Ehrenberg, 1839
149322;Lithodesmium undulatum;phy;Ochrophyta;Ehrenberg, 1839
180390;Lyrella;phy;Ochrophyta;N.I. Karayeva, 1978
249721;Mallomonas;phy;Ochrophyta;Perty, 1852
345485;Mediopyxis helysia;phy;Ochrophyta;Kühn, Hargreaves & Halliger, 2006
149042;Melosira;phy;Ochrophyta;C.A. Agardh, 1824
635472;Melosira discigera;phy;Ochrophyta;Agardh, 1824
149243;Melosira dubia;phy;Ochrophyta;Kützing, 1844
418547;Melosira moniliformis;phy;Ochrophyta;(O.F.Müller) C.Agardh, 1824
673330;Melosira moniliformis var. octogona;phy;Ochrophyta;(Grunow) Hustedt, 1927
984308;Melosira westii f. westii;phy;Ochrophyta;W. Smith, 1856
115075;Meringosphaera;phy;Ochrophyta;Lohmann, 1903
248129;Meringosphaera mediterranea;phy;Ochrophyta;Lohmann, 1903
149144;Meuniera;phy;Ochrophyta;P.C. Silva in G.R. Hasle & E.E. Syvertsen, 1996
163392;Microsiphona potamos;phy;Ochrophyta;C.I.Weber, 1970
450619;Minutocellus;phy;Ochrophyta;G.R. Hasle, H.A. von Stosch & E.E. Syvertsen, 1983
841851;Minutocellus pseudopolymorphus;phy;Ochrophyta;Hasle, von Scosch & Syvertsen, 1983
573486;Minutocellus scriptus;phy;Ochrophyta;Hasle, von Stosch & Syvertsen, 1983
163143;Miraltia throndsenii;phy;Ochrophyta;Marino, Montresor & Zingone, 1987
669542;Moelleria cornuta;phy;Ochrophyta;Cleve, 1873
248180;Nanoneis hasleae;phy;Ochrophyta;R.E.Norris, 1973
149142;Navicula;phy;Ochrophyta;J.B.M. Bory de Saint-Vincent, 1822
149441;Navicula arenaria;phy;Ochrophyta;Donkin, 1861
149468;Navicula cancellata;phy;Ochrophyta;Donkin, 1872
573488;Navicula challengeri;phy;Ochrophyta;Grunow, 1880
163778;Navicula crassa;phy;Ochrophyta;Gregory, 1855
962590;Navicula cryptocephala;phy;Ochrophyta;sensu W. Smith, 1853
180525;Navicula delognei;phy;Ochrophyta;Van Heurck, 1880
662062;Navicula fastuosa;phy;Ochrophyta;Ehrenberg, 1840
172799;Navicula gregaria;phy;Ochrophyta;Donkin, 1861
983917;Navicula hennedyii f. hennedyii;phy;Ochrophyta;W. Smith, 1856
180599;Navicula hyalinula;phy;Ochrophyta;De Toni, 1891
149466;Navicula lanceolata;phy;Ochrophyta;Ehrenberg, 1838
983961;Navicula latissima f. latissima;phy;Ochrophyta;Gregory, 1856
149232;Navicula membranacea;phy;Ochrophyta;Cleve, 1897
172836;Navicula pelagica;phy;Ochrophyta;Cleve, 1896
180727;Navicula planamembranacea;phy;Ochrophyta;Hendey, 1964
149320;Navicula transitans;phy;Ochrophyta;Cleve, 1883
175326;Navicula vanhoeffenii;phy;Ochrophyta;Gran, 1897
573496;Navicula wawrikae;phy;Ochrophyta;Hustedt, 1961
196813;Neodenticula seminae;phy;Ochrophyta;(R.Simonsen & T.Kanaya) F.Akiba & Y.Yanagisawa, 1986
450616;Neostreptotheca;phy;Ochrophyta;H.A. von Stosch, 1977
149045;Nitzschia;phy;Ochrophyta;A.H. Hassall, 1845
341566;Nitzschia bicapitata;phy;Ochrophyta;Cleve, 1901
149587;Nitzschia bilobata;phy;Ochrophyta;W.Smith, 1853
176410;Nitzschia coarctata;phy;Ochrophyta;Grunow, 1880
976723;Nitzschia coarctata var. coarctata;phy;Ochrophyta;Grunow in Cleve & Möller, 1878
149318;Nitzschia delicatissima;phy;Ochrophyta;Cleve, 1897
175744;Nitzschia delicatula;phy;Ochrophyta;Hasle, 1965
246866;Nitzschia fraudulenta;phy;Ochrophyta;Cleve, 1897
149150;Nitzschia longissima;phy;Ochrophyta;(Brébisson) Ralfs, 1861
984623;Nitzschia panduriformis f. panduriformis;phy;Ochrophyta;Gregory, 1857
549213;Nitzschia pellucida;phy;Ochrophyta;Grunow, 1880
160529;Nitzschia pungens;phy;Ochrophyta;Grunow ex Cleve, 1897
175752;Nitzschia seriata f. obtusa;phy;Ochrophyta;Hasle, 1965
196817;Nitzschia sigma subsp. rigida;phy;Ochrophyta;NA
149592;Nitzschia spathulata;phy;Ochrophyta;W.Smith, 1853
622311;Nitzschia ventricosa;phy;Ochrophyta;Kitton, 1873
249725;Ochromonas;phy;Ochrophyta;Vysotskii [Wissotsky], 1887
369960;Octactis;phy;Ochrophyta;J.Schiller, 1925
1310442;Octactis speculum;phy;Ochrophyta;(Ehrenberg) F.H.Chang, J.M.Grieve & J.E.Sutherland, 2017
148963;Odontella;phy;Ochrophyta;C.A. Agardh, 1832
149050;Odontella aurita;phy;Ochrophyta;(Lyngbye) C.Agardh, 1832
148964;Odontella mobilensis;phy;Ochrophyta;(J. W. Bailey) Grunow, 1884
164116;Odontella mobiliensis;phy;Ochrophyta;(J.W.Bailey) Grunow, 1884
149662;Odontella obtusa;phy;Ochrophyta;Kützing, 1844
149094;Odontella regia;phy;Ochrophyta;(Schultze) Simonsen, 1974
233763;Olisthodiscus;phy;Ochrophyta;N.Carter, 1937
149358;Opephora;phy;Ochrophyta;P. Petit, 1888
966467;Orthosira angulata;phy;Ochrophyta;Gregory, 1857
964216;Orthosira marina;phy;Ochrophyta;W. Smith, 1856
149054;Paralia;phy;Ochrophyta;P.A.C. Heiberg, 1863
375676;Pedinella hexacostata;phy;Ochrophyta;Vysotskii [Vysotskij, Wysotzki, Wyssotzki], 1887
145457;Pilinia rimosa;phy;Ochrophyta;Kützing, 1843
149208;Pinnularia;phy;Ochrophyta;C.G. Ehrenberg, 1843
179893;Pinnularia crabro;phy;Ochrophyta;Ehrenberg, 1844
662632;Pinnularia didyma;phy;Ochrophyta;Ehrenberg, 1844
977537;Pinnularia directa var. directa;phy;Ochrophyta;W. Smith, 1853
156568;Pinnularia distans;phy;Ochrophyta;W.Smith, 1853
613511;Pinnunavis yarrensis;phy;Ochrophyta;(Grunow) H.Okuno, 1975
149314;Plagiogramma;phy;Ochrophyta;R.K. Greville, 1859
971564;Plagiogramma brockmanni var. brockmanni;phy;Ochrophyta;Hustedt, 1939
611851;Plagiogramma laeve;phy;Ochrophyta;(Gregory) Ralfs, 1861
149351;Plagiogramma staurophorum;phy;Ochrophyta;(W.Gregory) Heiberg, 1863
149352;Plagiogramma vanheurckii;phy;Ochrophyta;Grunow, 1881
149056;Plagiogrammopsis;phy;Ochrophyta;G.R. Hasle, H.A. von Stosch & E.E. Syvertsem, 1983
577809;Plagiogrammopsis mediaequatus;phy;Ochrophyta;C.Gardner & R.M.Crawford, 1994
601957;Plagiolemma;phy;Ochrophyta;T.B.B. Paddock, 1988
149516;Plagiotropis;phy;Ochrophyta;E. Pfitzer, 1871
175705;Plagiotropis vanheurckii;phy;Ochrophyta;Grunow, 1883
145458;Pleurocladia lacustris;phy;Ochrophyta;A.Braun, 1855
149181;Pleurosigma;phy;Ochrophyta;W. Smith, 1852
149506;Pleurosigma aestuarii;phy;Ochrophyta;(Brébisson ex Kützing) W.Smith, 1853
149504;Pleurosigma affine;phy;Ochrophyta;Grunow, 1880
149183;Pleurosigma angulatum;phy;Ochrophyta;(Queckett) W.Smith, 1852
149507;Pleurosigma cuspidatum;phy;Ochrophyta;(Cleve) H.Peragallo, 1891
248088;Pleurosigma directum;phy;Ochrophyta;Grunow, 1880
149503;Pleurosigma elongatum;phy;Ochrophyta;W.Smith, 1852
964592;Pleurosigma minutum;phy;Ochrophyta;Grunow in Cleve & Möller, 1878
149182;Pleurosigma normanii;phy;Ochrophyta;Ralfs, 1861
231883;Pleurosigma planctonicum;phy;Ochrophyta;Cleve-Euler, 1952
231884;Pleurosigma simonsenii;phy;Ochrophyta;Hasle, 1990
156586;Pleurosigma strigosum;phy;Ochrophyta;W.Smith, 1852
978019;Pleurosigma tenuissimum var. tenuissimum;phy;Ochrophyta;W. Smith, 1853
149059;Podosira;phy;Ochrophyta;C.G. Ehrenberg, 1840
149060;Podosira stelligera;phy;Ochrophyta;(Bailey) A.Mann, 1907
148980;Porosira;phy;Ochrophyta;E. Jorgensen, 1905
156689;Porosira glacialis;phy;Ochrophyta;(Grunow) Jörgensen, 1905
149167;Proboscia;phy;Ochrophyta;B.G. Sundstrom, 1986
149168;Proboscia alata;phy;Ochrophyta;(Brightwell) Sundström, 1986
251728;Proboscia alata f. alata;phy;Ochrophyta;(Brightwell) Sündstrom, 1986
341501;Proboscia inermis;phy;Ochrophyta;(F.Castracane) R.W.Jordan & R.Ligowski, 1991
248181;Proboscia truncata;phy;Ochrophyta;(G.Karsten) Nöthig & Ligowski, 1991
149216;Psammodictyon;phy;Ochrophyta;D.G. Mann in F.E. Round, R.M. Crawford & D.G. Mann, 1990
163337;Psammodiscus;phy;Ochrophyta;F.E. Round & D.G. Mann, 1980
531445;Pseudochattonella;phy;Ochrophyta;(Y.Hara & Chihara) Hosoi-Tanabe, Honda, Fukaya, Inagaki & Sako, 2007
531446;Pseudochattonella verruculosa;phy;Ochrophyta;(Y.Hara & M.Chihara) S.Tanabe-Hosoi, D.Honda, S.Fukaya, Y.Inagaki & Y.Sako, 2007
162741;Pseudokephyrion;phy;Ochrophyta;Pascher, 1913
149151;Pseudo-nitzschia;phy;Ochrophyta;H. Peragallo in H. Peragallo & M. Peragallo, 1900
478556;Pseudo-nitzschia americana;phy;Ochrophyta;(Hasle) Fryxell, 1993
246604;Pseudo-nitzschia australis;phy;Ochrophyta;Frenguelli, 1939
149153;Pseudo-nitzschia delicatissima;phy;Ochrophyta;(Cleve) Heiden, 1928
246606;Pseudo-nitzschia fraudulenta;phy;Ochrophyta;(Cleve) Hasle, 1993
375883;Pseudo-nitzschia granii;phy;Ochrophyta;(G.R.Hasle) G.R.Hasle, 1974
411764;Pseudo-nitzschia heimii;phy;Ochrophyta;Manguin, 1957
246608;Pseudo-nitzschia multistriata;phy;Ochrophyta;(Takano) Takano, 1995
156548;Pseudo-nitzschia pseudodelicatissima;phy;Ochrophyta;(Hasle) Hasle, 1993
160528;Pseudo-nitzschia pungens;phy;Ochrophyta;(Grunow ex Cleve) G.R.Hasle, 1993
149152;Pseudo-nitzschia seriata;phy;Ochrophyta;(Cleve) H.Peragallo, 1899
411767;Pseudo-nitzschia subcurvata;phy;Ochrophyta;(G.R.Hasle) G.A.Fryxell, 1993
418222;Pseudo-nitzschia subpacifica;phy;Ochrophyta;(Hasle) Hasle, 1993
246609;Pseudo-nitzschia turgidula;phy;Ochrophyta;(Hustedt) G.R.Hasle, 1993
160599;Pseudopedinella;phy;Ochrophyta;N.Carter, 1937
160600;Pseudopedinella pyriformis;phy;Ochrophyta;N.Carter, 1937
577639;Pseudopodosira westii;phy;Ochrophyta;(W.Smith) Sheshukova-Poretzskaya & Glezer, 1964
163342;Pseudosolenia;phy;Ochrophyta;B.G. Sundstrom, 1986
163344;Pseudosolenia calcar-avis;phy;Ochrophyta;(Schultze) B.G.Sundström, 1986
157188;Pylaiella littoralis;phy;Ochrophyta;(Linnaeus) Kjellman, 1872
1322474;Ralfsiella minima;phy;Ochrophyta;(Grunow in Van Heurck) P.A. Sims & D. M. Williams in Sims et al., 2018
157072;Rhabdonema;phy;Ochrophyta;F.T. Kützing, 1844
157076;Rhabdonema arcuatum;phy;Ochrophyta;(Lyngbye) Kützing, 1844
149065;Rhaphoneis;phy;Ochrophyta;C.G. Ehrenberg, 1844
149066;Rhaphoneis amphiceros;phy;Ochrophyta;(Ehrenberg) Ehrenberg, 1844
611858;Rhaphoneis minutissima;phy;Ochrophyta;Hustedt, 1939
149069;Rhizosolenia;phy;Ochrophyta;T. Brightwell, 1858
196805;Rhizosolenia acuminata;phy;Ochrophyta;(H.Peragallo) H.Peragallo, 1907
196808;Rhizosolenia alata f. curvirostris;phy;Ochrophyta;Gran, 1900
196811;Rhizosolenia bergonii;phy;Ochrophyta;H.Peragallo, 1892
163346;Rhizosolenia calcar-avis;phy;Ochrophyta;Schultze, 1858
341502;Rhizosolenia chunii;phy;Ochrophyta;Karsten, 1905
163242;Rhizosolenia cylindrus;phy;Ochrophyta;Cleve, 1897
149114;Rhizosolenia delicatula;phy;Ochrophyta;Cleve, 1900
156644;Rhizosolenia faeroensis;phy;Ochrophyta;Ostenfeld, 1903
160530;Rhizosolenia flaccida;phy;Ochrophyta;Castracane, 1886
985165;Rhizosolenia fragilissima f. fragilissima;phy;Ochrophyta;Bergon, 1903
968805;Rhizosolenia fragillissima;phy;Ochrophyta;NA
156645;Rhizosolenia gracillima;phy;Ochrophyta;Cleve, 1881
149070;Rhizosolenia hebetata;phy;Ochrophyta;Bailey, 1856
196794;Rhizosolenia hebetata f. hiemalis;phy;Ochrophyta;Gran, 1904
149116;Rhizosolenia imbricata;phy;Ochrophyta;Brightwell, 1858
231887;Rhizosolenia indica;phy;Ochrophyta;H.Peragallo, 1892
573582;Rhizosolenia phuketensis;phy;Ochrophyta;B.G.Sundström, 1980
149117;Rhizosolenia pungens;phy;Ochrophyta;Cleve-Euler, 1937
149311;Rhizosolenia robusta;phy;Ochrophyta;G.Norman ex Ralfs, 1861
978230;Rhizosolenia robusta var. robusta;phy;Ochrophyta;Norman ex Ralfs in Pritchard, 1861
163348;Rhizosolenia semispina;phy;Ochrophyta;Hensen, 1887
149115;Rhizosolenia setigera;phy;Ochrophyta;Brightwell, 1858
547544;Rhizosolenia setigera f. pungens;phy;Ochrophyta;(Cleve-Euler) Brunel, 1962
149165;Rhizosolenia shrubsolei;phy;Ochrophyta;Cleve, 1881
160531;Rhizosolenia similoides;phy;Ochrophyta;Cleve-Euler, 1951
149224;Rhizosolenia stolterfothii;phy;Ochrophyta;H.Peragallo, 1888
149629;Rhizosolenia styliformis;phy;Ochrophyta;T.Brightwell, 1858
573590;Rhizosolenia truncata;phy;Ochrophyta;G.Karsten, 1905
149161;Schroederella;phy;Ochrophyta;J. Pavillard, 1913
149073;Skeletonema;phy;Ochrophyta;R.K. Greville, 1865
149074;Skeletonema costatum;phy;Ochrophyta;(Greville) Cleve, 1873
376667;Skeletonema marinoi;phy;Ochrophyta;Sarno & Zingone, 2005
149075;Skeletonema subsalsum;phy;Ochrophyta;(Cleve-Euler) Bethge, 1928
144272;Sphacelaria;phy;Ochrophyta;Lyngbye, 1818
145893;Sphacelaria fusca;phy;Ochrophyta;(Hudson) S.F.Gray, 1821
428524;Spumella;phy;Ochrophyta;Cienkowsky, 1870
149077;Stauroneis;phy;Ochrophyta;C.G. Ehrenberg, 1843
149316;Stauroneis membranacea;phy;Ochrophyta;(Cleve) Hustedt, 1959
149653;Stellarima stellaris;phy;Ochrophyta;(Roper) G.R.Hasle & P.A.Sims, 1986
149079;Stephanodiscus;phy;Ochrophyta;C.G. Ehrenberg, 1845
149630;Stephanopyxis;phy;Ochrophyta;(C.G. Ehrenberg) C.G. Ehrenberg, 1845
231888;Stephanopyxis palmeriana;phy;Ochrophyta;(Greville) Grunow, 1884
149631;Stephanopyxis turris;phy;Ochrophyta;(Greville) Ralfs, 1861
149176;Striatella;phy;Ochrophyta;C.A. Agardh, 1832
345526;Subsilicea fragilarioides;phy;Ochrophyta;von Stosch & Reimann, 1970
149084;Surirella;phy;Ochrophyta;P.J.F. Turpin, 1828
985443;Surirella gemma f. gemma;phy;Ochrophyta;Ehrenberg, 1840
163042;Syndendrium diadema;phy;Ochrophyta;Ehrenberg, 1854
149186;Synedra;phy;Ochrophyta;C.G. Ehrenberg, 1830
985570;Synedra nitzschioides f. nitzschioides;phy;Ochrophyta;Grunow, 1862
341536;Synedropsis hyperboreoides;phy;Ochrophyta;G.R.Hasle, L.K.Medlin & E.E.Syvertsen, 1994
178594;Synura;phy;Ochrophyta;Ehrenberg, 1834
149333;Tabellaria;phy;Ochrophyta;C.G. Ehrenberg ex F.T. Kützing, 1844
157059;Tabularia;phy;Ochrophyta;(F.T. Kutzing) D.M. Williams & F.E. Round, 1986
149092;Thalassionema;phy;Ochrophyta;A. Grunow ex C. Mereschkowsky, 1902
148912;Thalassiosira;phy;Ochrophyta;P.T. Cleve, 1873 emend. Hasle, 1973
345529;Thalassiosira aestivalis;phy;Ochrophyta;Gran, 1931
149099;Thalassiosira antarctica;phy;Ochrophyta;Comber, 1896
156690;Thalassiosira baltica;phy;Ochrophyta;(Grunow) Ostenfeld, 1901
979039;Thalassiosira baltica var. batava;phy;Ochrophyta;Van Goor, 1920
232093;Thalassiosira bioculata;phy;Ochrophyta;(Grunow) Ostenfeld, 1903
567118;Thalassiosira bulbosa;phy;Ochrophyta;Syvertsen in Syvertsen & Hasle, 1984
345530;Thalassiosira concaviuscula;phy;Ochrophyta;I.V.Makarova, 1978
148919;Thalassiosira decipiens;phy;Ochrophyta;(Grunow) E.G.Jørgensen, 1905
555264;Thalassiosira delicatula;phy;Ochrophyta;Ostenfeld, 1908
148922;Thalassiosira eccentrica;phy;Ochrophyta;(Ehrenberg) Cleve, 1904
149160;Thalassiosira fallax;phy;Ochrophyta;Meunier, 1910
149102;Thalassiosira gravida;phy;Ochrophyta;Cleve, 1896
148923;Thalassiosira hendeyi;phy;Ochrophyta;Hasle & G.Fryxell, 1977
149100;Thalassiosira hyalina;phy;Ochrophyta;(Grunow) Gran, 1897
495332;Thalassiosira kushirensis;phy;Ochrophyta;Takano, 1985
149103;Thalassiosira leptopus;phy;Ochrophyta;(Grunow ex Van Heurck) Hasle & G.Fryxell, 1977
149308;Thalassiosira levanderi;phy;Ochrophyta;van Goor, 1924
345546;Thalassiosira lineata;phy;Ochrophyta;Jousé, 1968
593823;Thalassiosira mendiolana;phy;Ochrophyta;Hasle & Heimdal, 1970
148925;Thalassiosira minima;phy;Ochrophyta;Gaarder, 1951
555293;Thalassiosira minuscula;phy;Ochrophyta;Krasske, 1941
148931;Thalassiosira nordenskioeldii;phy;Ochrophyta;Cleve, 1873
148932;Thalassiosira pacifica;phy;Ochrophyta;Gran & Angst, 1931
418582;Thalassiosira parva;phy;Ochrophyta;Proschkina-Lavrenko, 1955
148934;Thalassiosira pseudonana;phy;Ochrophyta;Hasle & Heimdal, 1970
148942;Thalassiosira rotula;phy;Ochrophyta;Meunier, 1910
149101;Thalassiosira subtilis;phy;Ochrophyta;(Ostenfeld) Gran, 1900
345550;Thalassiosira tenera;phy;Ochrophyta;Proschkina-Lavrenko, 1961
157081;Thalassiothrix;phy;Ochrophyta;P.T. Cleve & A. Grunow, 1880
502171;Thalassiothrix delicatula;phy;Ochrophyta;Cupp, 1943
157083;Thalassiothrix longissima;phy;Ochrophyta;Cleve & Grunow, 1880
573665;Thalassiothrix pseudonitzschioides;phy;Ochrophyta;G.Schuette & H.Schrader, 1982
615494;Thallochrysis litoralis;phy;Ochrophyta;Anand, 1937
137288;Thaumatomastix;phy;Ochrophyta;Lauterborn, 1899
593694;Thaumatomastix setifera;phy;Ochrophyta;(Lauterborn) Lemmermann, 1908
603291;Thaumatomonas;phy;Ochrophyta;De Saedeleer, 1931
149512;Toxonidea;phy;Ochrophyta;A.S. Donkin, 1858
232087;Toxonidea gregoriana;phy;Ochrophyta;Donkin, 1858
149513;Toxonidea insignis;phy;Ochrophyta;Donkin, 1858
601010;Trachydiscus;phy;Ochrophyta;Ettl, 1964
149146;Trachyneis;phy;Ochrophyta;P.T. Cleve, 1894
149147;Trachyneis aspera;phy;Ochrophyta;(Ehrenberg) Cleve, 1894
149154;Triceratium;phy;Ochrophyta;C.G. Ehrenberg, 1839
985653;Triceratium alternans f. alternans;phy;Ochrophyta;J.W. Bailey, 1851
149170;Triceratium favus;phy;Ochrophyta;Ehrenberg, 1839
839991;Trieres mobiliensis;phy;Ochrophyta;(J.W.Bailey) Ashworth & E.C.Theriot in Ashworth, Nakov & E.C.Theiriot, 2013
839996;Trieres regia;phy;Ochrophyta;(M.Schultze) M.P.Ashworth & E.C.Theriot, 2013
699394;Trigonium alternans;phy;Ochrophyta;(Bailey) A.Mann, 1907
162834;Tripodiscus argus;phy;Ochrophyta;Ehrenberg, 1839
149518;Tropidoneis;phy;Ochrophyta;P.T. Cleve, 1891
149519;Tropidoneis lepidoptera;phy;Ochrophyta;(Gregory) Cleve, 1894
176393;Tryblionella apiculata;phy;Ochrophyta;Gregory, 1857
447746;Tryblionella compressa;phy;Ochrophyta;(J.W.Bailey) M.Poulin, 1990
176540;Tryblionella punctata;phy;Ochrophyta;W.Smith, 1853
163728;Vibrio paxillifer;phy;Ochrophyta;O.F.Müller, 1786
163288;Zygoceros rhombus;phy;Ochrophyta;Ehrenberg, 1839
179790;Zygoceros surirella;phy;Ochrophyta;Ehrenberg, 1840
172156;Ectrogella;phy;Oomycota;Zopf, 1884
345480;Lagenisma coscinodisci;phy;Oomycota;Drebes, 1968
601037;Amphikrikos;phy;Chlorophyta;Korshikov, 1953
572079;Ankyra;phy;Chlorophyta;Fott, 1957
134531;Mamiella;phy;Chlorophyta;Ø.Moestrup, 1984
134562;Mamiella gilva;phy;Chlorophyta;(Parke & Rayns) Ø.Moestrup, 1984
144293;Blidingia;FALSE;Chlorophyta;Kylin, 1947
145949;Blidingia marginata;FALSE;Chlorophyta;(J.Agardh) P.J.L.Dangeard ex Bliding, 1963
145950;Blidingia minima;FALSE;Chlorophyta;(Nägeli ex Kützing) Kylin, 1947
144457;Bryopsis plumosa;FALSE;Chlorophyta;(Hudson) C.Agardh, 1823
143995;Chaetomorpha;FALSE;Chlorophyta;Kützing, 1845
145027;Chaetomorpha linum;FALSE;Chlorophyta;(O.F.Müller) Kützing, 1845
145029;Chaetomorpha melagonium;FALSE;Chlorophyta;(F.Weber & D.Mohr) Kützing, 1845
143996;Cladophora;FALSE;Chlorophyta;Kützing, 1843
145064;Cladophora rupestris;FALSE;Chlorophyta;(Linnaeus) Kützing, 1843
145065;Cladophora sericea;FALSE;Chlorophyta;(Hudson) Kützing, 1843
162546;Codiolum;FALSE;Chlorophyta;A.Braun, 1855
143999;Codium;FALSE;Chlorophyta;Stackhouse, 1797
145092;Codium tomentosum;FALSE;Chlorophyta;Stackhouse, 1797
146008;Epicladia perforans;FALSE;Chlorophyta;(Huber) R.Nielsen, 1980
145922;Eugomontia sacculata;FALSE;Chlorophyta;Kornmann, 1960
1311360;Lychaete pellucida;FALSE;Chlorophyta;(Hudson) M.J.Wynne, 2017
145075;Rhizoclonium riparium;FALSE;Chlorophyta;(Roth) Harvey, 1849
145076;Rhizoclonium tortuosum;FALSE;Chlorophyta;(Dillwyn) Kützing, 1845
147470;Spongomorpha arcta;FALSE;Chlorophyta;(Dillwyn) Kützing, 1849
144296;Ulva;FALSE;Chlorophyta;Linnaeus, 1753
234462;Ulva compressa;FALSE;Chlorophyta;Linnaeus, 1753
234471;Ulva intestinalis;FALSE;Chlorophyta;Linnaeus, 1753
145984;Ulva lactuca;FALSE;Chlorophyta;Linnaeus, 1753
234474;Ulva linza;FALSE;Chlorophyta;Linnaeus, 1753
234476;Ulva prolifera;FALSE;Chlorophyta;O.F.Müller, 1778
105558;Bicosta spinifera;FALSE;Choanozoa;(Throndsen) Leadbeater, 1978
172431;Favella;FALSE;Ciliophora;Jörgensen, 1924
235761;Favella ehrenbergii;FALSE;Ciliophora;(Claparède & Lachmann, 1858) Jörgensen, 1924
292923;Favella helgolandica;FALSE;Ciliophora;(Brandt, 1906) Jörgensen, 1924
111878;Lagotia viridis;FALSE;Ciliophora;Wright, 1858
101180;Lohmanniella;FALSE;Ciliophora;Leegaard, 1915
101209;Lohmanniella oviformis;FALSE;Ciliophora;Leegaard, 1915
145306;Arthrocladia villosa;FALSE;Ochrophyta;(Hudson) Duby, 1830
145541;Ascophyllum nodosum;FALSE;Ochrophyta;(Linnaeus) Le Jolis, 1863
145503;Bifurcaria bifurcata;FALSE;Ochrophyta;R.Ross, 1958
144197;Chorda;FALSE;Ochrophyta;Stackhouse, 1797
145722;Chorda filum;FALSE;Ochrophyta;(Linnaeus) Stackhouse, 1797
143954;Chordaria;FALSE;Ochrophyta;C.Agardh, 1817
144271;Cladostephus;FALSE;Ochrophyta;C.Agardh, 1817
145888;Cladostephus spongiosus;FALSE;Ochrophyta;(Hudson) C.Agardh, 1817
145856;Colpomenia peregrina;FALSE;Ochrophyta;Sauvageau, 1927
163921;Ctenophora;FALSE;Ochrophyta;(Grunow) D.M.Williams & Round, 1986
144054;Cutleria;FALSE;Ochrophyta;Greville, 1830
145536;Cystoseira tamariscifolia;FALSE;Ochrophyta;(Hudson) Papenfuss, 1950
145307;Desmarestia aculeata;FALSE;Ochrophyta;(Linnaeus) J.V.Lamouroux, 1813
145309;Desmarestia ligulata;FALSE;Ochrophyta;(Stackhouse) J.V.Lamouroux, 1813
145310;Desmarestia viridis;FALSE;Ochrophyta;(O.F.Müller) J.V.Lamouroux, 1813
145360;Dictyopteris polypodioides;FALSE;Ochrophyta;(A.P.De Candolle) J.V.Lamouroux, 1809
144067;Dictyosiphon;FALSE;Ochrophyta;Greville, 1830
145367;Dictyota dichotoma;FALSE;Ochrophyta;(Hudson) J.V.Lamouroux, 1809
144099;Ectocarpus;FALSE;Ochrophyta;Lyngbye, 1819
143968;Elachista;FALSE;Ochrophyta;Duby, 1830
144937;Elachista fucicola;FALSE;Ochrophyta;(Velley) Areschoug, 1842
144129;Fucus;FALSE;Ochrophyta;Linnaeus, 1753
145542;Fucus ceranoides;FALSE;Ochrophyta;Linnaeus, 1753
145546;Fucus serratus;FALSE;Ochrophyta;Linnaeus, 1753
145547;Fucus spiralis;FALSE;Ochrophyta;Linnaeus, 1753
145548;Fucus vesiculosus;FALSE;Ochrophyta;Linnaeus, 1753
145540;Halidrys siliquosa;FALSE;Ochrophyta;(Linnaeus) Lyngbye, 1819
145551;Himanthalia elongata;FALSE;Ochrophyta;(Linnaeus) S.F.Gray, 1821
144199;Laminaria;FALSE;Ochrophyta;J.V. Lamouroux, 1813
145724;Laminaria digitata;FALSE;Ochrophyta;(Hudson) J.V.Lamouroux, 1813
145725;Laminaria hyperborea;FALSE;Ochrophyta;(Gunnerus) Foslie, 1884
145728;Laminaria ochroleuca;FALSE;Ochrophyta;Bachelot de la Pylaie, 1824
145385;Padina pavonica;FALSE;Ochrophyta;(Linnaeus) Thivy, 1960
149055;Paralia sulcata;FALSE;Ochrophyta;(Ehrenberg) Cleve, 1873
145550;Pelvetia canaliculata;FALSE;Ochrophyta;(Linnaeus) Decaisne & Thuret, 1845
144257;Petalonia;FALSE;Ochrophyta;Derbès & Solier, 1850
163030;Phaeoceros;FALSE;Ochrophyta;NA
143985;Ralfsia;FALSE;Ochrophyta;Berkeley, 1843
145001;Ralfsia verrucosa;FALSE;Ochrophyta;(Areschoug) Areschoug, 1845
234483;Saccharina latissima;FALSE;Ochrophyta;(Linnaeus) C.E.Lane, C.Mayes, Druehl & G.W.Saunders, 2006
145735;Saccorhiza polyschides;FALSE;Ochrophyta;(Lightfoot) Batters, 1902
494791;Sargassum muticum;FALSE;Ochrophyta;(Yendo) Fensholt, 1955
145869;Scytosiphon lomentaria;FALSE;Ochrophyta;(Lyngbye) Link, 1833
493294;Actinosphaera;FALSE;Radiozoa;NA
417328;Didinium nasutum;FALSE;Ciliophora;(Müller, 1773) Stein, 1859
163804;Tintinnopsis nana;FALSE;Ciliophora;Lohmann, 1908
103425;Amastigomonas;FALSE;NA;De Saedeleer
605376;Amoeba;FALSE;NA;NA
22730;Metanema;FALSE;NA;(Klebs) Senn, 1900
118021;Phyllomitus;FALSE;NA;Stein
118022;Pirsonia;FALSE;NA;Schnepf, Drebes & Elbrachter, 1990
118066;Pirsonia guinardiae;FALSE;NA;Schnepf, Drebes & Elbrächter, 1990
118073;Solenicola setigera;FALSE;NA;Pavillard, 1916
